best_model,chosen_model,conservative_logistic_override_on_selected_expert,conservative_logistic_override_on_selected_expert__err2,conservative_tree_override_on_selected_expert,conservative_tree_override_on_selected_expert__err2,event_key,logistic_choose_qa,pattern,pre_better_than_qa,qa_better_than_pre,qa_pre_tie,qa_vs_pre_mse_gain,residual_pre_call_market_only,residual_pre_call_market_only__err2,residual_pre_call_market_plus_a4_plus_qa_benchmark_svd_observability_gate,residual_pre_call_market_plus_a4_plus_qa_benchmark_svd_observability_gate__err2,residual_pre_call_market_plus_a4_plus_qna_lsa_plus_aligned_audio_svd_observability_gate,residual_pre_call_market_plus_a4_plus_qna_lsa_plus_aligned_audio_svd_observability_gate__err2,sem_vs_pre_mse_gain,split,target,ticker,tree_choose_qa,validation_selected_transfer_expert,validation_selected_transfer_expert__err2,year
residual_pre_call_market_only,residual_pre_call_market_plus_a4_plus_qa_benchmark_svd_observability_gate,-0.0006369985845998153,1.103662441191628e-09,-0.0006369985845998153,1.103662441191628e-09,AAPL_2024_Q1,0,tree_qa_logistic_sem,0,0,1,0.0,-0.0006369985845998153,1.103662441191628e-09,-0.0006369985845998153,1.103662441191628e-09,-0.0006369985845998153,1.103662441191628e-09,0.0,val2020_test_post2020,-0.00067022,AAPL,1,-0.0006369985845998153,1.103662441191628e-09,2024
residual_pre_call_market_only,residual_pre_call_market_only,-9.969834050687493e-05,8.617649928115034e-08,-9.969834050687493e-05,8.617649928115034e-08,AMGN_2024_Q3,1,tree_sem_logistic_qa,0,0,1,0.0,-9.969834050687493e-05,8.617649928115034e-08,-9.969834050687493e-05,8.617649928115034e-08,-9.969834050687493e-05,8.617649928115034e-08,0.0,val2020_test_post2020,0.00019386,AMGN,0,-9.969834050687493e-05,8.617649928115034e-08,2024
residual_pre_call_market_only,residual_pre_call_market_only,-0.00022308744511485542,3.047623899381894e-10,-0.00022308744511485542,3.047623899381894e-10,AMZN_2024_Q1,0,tree_qa_logistic_sem,0,0,1,0.0,-0.00022308744511485542,3.047623899381894e-10,-0.00022308744511485542,3.047623899381894e-10,-0.00022308744511485542,3.047623899381894e-10,0.0,val2020_test_post2020,-0.00020563,AMZN,1,-0.00022308744511485542,3.047623899381894e-10,2024
residual_pre_call_market_only,residual_pre_call_market_only,-0.0032305003267470043,1.5682634737161403e-08,-0.0032305003267470043,1.5682634737161403e-08,AMZN_2024_Q3,0,tree_qa_logistic_sem,0,0,1,0.0,-0.0032305003267470043,1.5682634737161403e-08,-0.0032305003267470043,1.5682634737161403e-08,-0.0032305003267470043,1.5682634737161403e-08,0.0,val2020_test_post2020,-0.0031052700000000003,AMZN,1,-0.0032305003267470043,1.5682634737161403e-08,2024
residual_pre_call_market_only,residual_pre_call_market_plus_a4_plus_qa_benchmark_svd_observability_gate,-0.000449919077294541,1.2340520715658324e-09,-0.000449919077294541,1.2340520715658324e-09,DIS_2023_Q1,0,tree_qa_logistic_sem,0,0,1,0.0,-0.000449919077294541,1.2340520715658324e-09,-0.000449919077294541,1.2340520715658324e-09,-0.000449919077294541,1.2340520715658324e-09,0.0,val2020_test_post2020,-0.00041479000000000006,DIS,1,-0.000449919077294541,1.2340520715658324e-09,2023
residual_pre_call_market_plus_a4_plus_qa_benchmark_svd_observability_gate,residual_pre_call_market_plus_a4_plus_qa_benchmark_svd_observability_gate,-0.00032762832886634816,1.7154779660809684e-09,-0.00032650964129918173,1.6240610888427125e-09,DIS_2023_Q3,0,tree_qa_logistic_sem,0,1,0,9.141687723825594e-11,-0.00032762832886634816,1.7154779660809684e-09,-0.00032650964129918173,1.6240610888427125e-09,-0.00032762832886634816,1.7154779660809684e-09,0.0,val2020_test_post2020,-0.00028621,DIS,1,-0.00032650964129918173,1.6240610888427125e-09,2023
residual_pre_call_market_only,residual_pre_call_market_only,-0.0022269956507363848,4.210061718273322e-08,-0.0022360900601439684,3.845126451274206e-08,IBM_2023_Q1,1,tree_sem_logistic_qa,1,0,0,-3.649352669991158e-09,-0.0022360900601439684,3.845126451274206e-08,-0.0022269956507363848,4.210061718273322e-08,-0.0022360900601439684,3.845126451274206e-08,0.0,val2020_test_post2020,-0.00243218,IBM,0,-0.0022360900601439684,3.845126451274206e-08,2023
residual_pre_call_market_only,residual_pre_call_market_only,-0.002355363161414066,1.616123308885405e-08,-0.002382982209903532,9.901800289882702e-09,IBM_2024_Q2,1,tree_sem_logistic_qa,1,0,0,-6.259432798971349e-09,-0.002382982209903532,9.901800289882702e-09,-0.002355363161414066,1.616123308885405e-08,-0.002382982209903532,9.901800289882702e-09,0.0,val2020_test_post2020,-0.00248249,IBM,0,-0.002382982209903532,9.901800289882702e-09,2024
residual_pre_call_market_only,residual_pre_call_market_only,-0.004986850123887072,2.063247803535662e-07,-0.005043475292481038,1.5808950344123932e-07,IBM_2024_Q3,1,tree_sem_logistic_qa,1,0,0,-4.823527691232688e-08,-0.005043475292481038,1.5808950344123932e-07,-0.004986850123887072,2.063247803535662e-07,-0.005043475292481038,1.5808950344123932e-07,0.0,val2020_test_post2020,-0.00544108,IBM,0,-0.005043475292481038,1.5808950344123932e-07,2024
residual_pre_call_market_only,residual_pre_call_market_only,-8.253479350514223e-05,7.972035642780215e-10,-8.253479350514223e-05,7.972035642780215e-10,MSFT_2021_Q1,0,tree_qa_logistic_sem,0,0,1,0.0,-8.253479350514223e-05,7.972035642780215e-10,-8.253479350514223e-05,7.972035642780215e-10,-8.253479350514223e-05,7.972035642780215e-10,0.0,val2020_test_post2020,-5.4300000000000005e-05,MSFT,1,-8.253479350514223e-05,7.972035642780215e-10,2021
residual_pre_call_market_only,residual_pre_call_market_only,-6.883450348236196e-05,2.0205210925008026e-10,-6.883450348236196e-05,2.0205210925008026e-10,MSFT_2021_Q3,0,tree_qa_logistic_sem,0,0,1,0.0,-6.883450348236196e-05,2.0205210925008026e-10,-6.883450348236196e-05,2.0205210925008026e-10,-6.883450348236196e-05,2.0205210925008026e-10,0.0,val2020_test_post2020,-5.462e-05,MSFT,1,-6.883450348236196e-05,2.0205210925008026e-10,2021
residual_pre_call_market_only,residual_pre_call_market_only,-0.0009387522397321828,5.37262963762807e-07,-0.0009387522397321828,5.37262963762807e-07,MSFT_2021_Q4,0,tree_qa_logistic_sem,0,0,1,0.0,-0.0009387522397321828,5.37262963762807e-07,-0.0009387522397321828,5.37262963762807e-07,-0.0009387522397321828,5.37262963762807e-07,0.0,val2020_test_post2020,-0.00020577000000000008,MSFT,1,-0.0009387522397321828,5.37262963762807e-07,2021
residual_pre_call_market_only,residual_pre_call_market_only,-0.00012856230973040412,2.2626871264629626e-08,-0.00012856230973040412,2.2626871264629626e-08,MSFT_2022_Q2,0,tree_qa_logistic_sem,0,0,1,0.0,-0.00012856230973040412,2.2626871264629626e-08,-0.00012856230973040412,2.2626871264629626e-08,-0.00012856230973040412,2.2626871264629626e-08,0.0,val2020_test_post2020,2.1859999999999984e-05,MSFT,1,-0.00012856230973040412,2.2626871264629626e-08,2022
residual_pre_call_market_only,residual_pre_call_market_only,-0.0001161886531149067,3.234043707103588e-09,-0.0001161886531149067,3.234043707103588e-09,MSFT_2022_Q4,0,tree_qa_logistic_sem,0,0,1,0.0,-0.0001161886531149067,3.234043707103588e-09,-0.0001161886531149067,3.234043707103588e-09,-0.0001161886531149067,3.234043707103588e-09,0.0,val2020_test_post2020,-5.9319999999999994e-05,MSFT,1,-0.0001161886531149067,3.234043707103588e-09,2022
residual_pre_call_market_only,residual_pre_call_market_only,-6.4600629350412e-05,2.756316082189343e-09,-6.4600629350412e-05,2.756316082189343e-09,MSFT_2023_Q1,0,tree_qa_logistic_sem,0,0,1,0.0,-6.4600629350412e-05,2.756316082189343e-09,-6.4600629350412e-05,2.756316082189343e-09,-6.4600629350412e-05,2.756316082189343e-09,0.0,val2020_test_post2020,-1.2099999999999996e-05,MSFT,1,-6.4600629350412e-05,2.756316082189343e-09,2023
residual_pre_call_market_only,residual_pre_call_market_only,-0.0001152944292711379,1.2641174407963466e-09,-0.0001152944292711379,1.2641174407963466e-09,MSFT_2023_Q4,0,tree_qa_logistic_sem,0,0,1,0.0,-0.0001152944292711379,1.2641174407963466e-09,-0.0001152944292711379,1.2641174407963466e-09,-0.0001152944292711379,1.2641174407963466e-09,0.0,val2020_test_post2020,-7.974e-05,MSFT,1,-0.0001152944292711379,1.2641174407963466e-09,2023
residual_pre_call_market_only,residual_pre_call_market_only,-0.0003168877215682052,2.8278700711855572e-09,-0.0003168877215682052,2.8278700711855572e-09,MSFT_2024_Q2,0,tree_qa_logistic_sem,0,0,1,0.0,-0.0003168877215682052,2.8278700711855572e-09,-0.0003168877215682052,2.8278700711855572e-09,-0.0003168877215682052,2.8278700711855572e-09,0.0,val2020_test_post2020,-0.00026371,MSFT,1,-0.0003168877215682052,2.8278700711855572e-09,2024
residual_pre_call_market_only,residual_pre_call_market_only,-9.210229362509206e-05,5.814027038626557e-10,-9.210229362509206e-05,5.814027038626557e-10,MSFT_2024_Q3,0,tree_qa_logistic_sem,0,0,1,0.0,-9.210229362509206e-05,5.814027038626557e-10,-9.210229362509206e-05,5.814027038626557e-10,-9.210229362509206e-05,5.814027038626557e-10,0.0,val2020_test_post2020,-6.798999999999999e-05,MSFT,1,-9.210229362509206e-05,5.814027038626557e-10,2024
residual_pre_call_market_only,residual_pre_call_market_only,-0.00011196499042813533,9.582114324059498e-10,-0.00011196499042813533,9.582114324059498e-10,MSFT_2025_Q1,0,tree_qa_logistic_sem,0,0,1,0.0,-0.00011196499042813533,9.582114324059498e-10,-0.00011196499042813533,9.582114324059498e-10,-0.00011196499042813533,9.582114324059498e-10,0.0,val2020_test_post2020,-8.101e-05,MSFT,1,-0.00011196499042813533,9.582114324059498e-10,2025
residual_pre_call_market_only,residual_pre_call_market_plus_a4_plus_qa_benchmark_svd_observability_gate,-0.0054863057783461205,4.982352104727697e-09,-0.0054863057783461205,4.982352104727697e-09,NKE_2021_Q1,0,tree_qa_logistic_sem,0,0,1,0.0,-0.0054863057783461205,4.982352104727697e-09,-0.0054863057783461205,4.982352104727697e-09,-0.0054863057783461205,4.982352104727697e-09,0.0,val2020_test_post2020,-0.00541572,NKE,1,-0.0054863057783461205,4.982352104727697e-09,2021
residual_pre_call_market_only,residual_pre_call_market_plus_a4_plus_qa_benchmark_svd_observability_gate,-0.0025002923993276685,1.6392458082021695e-09,-0.002444658624246013,9.239318876839112e-09,NKE_2021_Q2,0,tree_qa_logistic_sem,1,0,0,-7.600073068636941e-09,-0.0025002923993276685,1.6392458082021695e-09,-0.002444658624246013,9.239318876839112e-09,-0.0025002923993276685,1.6392458082021695e-09,0.0,val2020_test_post2020,-0.00254078,NKE,1,-0.002444658624246013,9.239318876839112e-09,2021
residual_pre_call_market_only,residual_pre_call_market_plus_a4_plus_qa_benchmark_svd_observability_gate,-0.0005447285924676016,1.6022882149373376e-09,-0.0005357795306600426,9.659372260485309e-10,NKE_2021_Q3,0,tree_qa_logistic_sem,1,0,0,-5.882291385238696e-10,-0.0005241347134664924,3.7770808752466124e-10,-0.0005357795306600426,9.659372260485309e-10,-0.0005447285924676016,1.6022882149373376e-09,-1.2245801274126763e-09,val2020_test_post2020,-0.0005047,NKE,1,-0.0005357795306600426,9.659372260485309e-10,2021
residual_pre_call_market_only,residual_pre_call_market_plus_a4_plus_qa_benchmark_svd_observability_gate,-0.001368960269314054,1.3053963607060576e-09,-0.001368960269314054,1.3053963607060576e-09,NKE_2021_Q4,0,tree_qa_logistic_sem,0,0,1,0.0,-0.001368960269314054,1.3053963607060576e-09,-0.001368960269314054,1.3053963607060576e-09,-0.001368960269314054,1.3053963607060576e-09,0.0,val2020_test_post2020,-0.0013328300000000001,NKE,1,-0.001368960269314054,1.3053963607060576e-09,2021
residual_pre_call_market_plus_a4_plus_qa_benchmark_svd_observability_gate,residual_pre_call_market_plus_a4_plus_qa_benchmark_svd_observability_gate,-0.0005360888012499051,6.83759806807039e-10,-0.0005094119737302009,2.7881174159786557e-13,NKE_2022_Q1,0,tree_qa_logistic_sem,0,1,0,6.834809950654411e-10,-0.0005360888012499051,6.83759806807039e-10,-0.0005094119737302009,2.7881174159786557e-13,-0.0005360888012499051,6.83759806807039e-10,0.0,val2020_test_post2020,-0.00050994,NKE,1,-0.0005094119737302009,2.7881174159786557e-13,2022
residual_pre_call_market_only,residual_pre_call_market_plus_a4_plus_qa_benchmark_svd_observability_gate,-0.0018610584946563708,1.4212228965817866e-10,-0.0018610584946563708,1.4212228965817866e-10,NKE_2022_Q3,0,tree_qa_logistic_sem,0,0,1,0.0,-0.0018610584946563708,1.4212228965817866e-10,-0.0018610584946563708,1.4212228965817866e-10,-0.0018610584946563708,1.4212228965817866e-10,0.0,val2020_test_post2020,-0.00187298,NKE,1,-0.0018610584946563708,1.4212228965817866e-10,2022
residual_pre_call_market_plus_a4_plus_qna_lsa_plus_aligned_audio_svd_observability_gate,residual_pre_call_market_plus_a4_plus_qa_benchmark_svd_observability_gate,-0.0004686517939779957,2.541968651655333e-11,-0.00048533461456514663,4.719588780041792e-10,NKE_2022_Q4,0,tree_qa_logistic_sem,1,0,0,-4.0983268500879137e-10,-0.0004714920170638859,6.212619299538784e-11,-0.00048533461456514663,4.719588780041792e-10,-0.0004686517939779957,2.541968651655333e-11,3.670650647883451e-11,val2020_test_post2020,-0.00046361000000000004,NKE,1,-0.00048533461456514663,4.719588780041792e-10,2022
residual_pre_call_market_only,residual_pre_call_market_plus_a4_plus_qa_benchmark_svd_observability_gate,-0.0017299816818088902,2.4958685766755683e-10,-0.0017299816818088902,2.4958685766755683e-10,NKE_2023_Q1,0,tree_qa_logistic_sem,0,0,1,0.0,-0.0017299816818088902,2.4958685766755683e-10,-0.0017299816818088902,2.4958685766755683e-10,-0.0017299816818088902,2.4958685766755683e-10,0.0,val2020_test_post2020,-0.0017457800000000002,NKE,1,-0.0017299816818088902,2.4958685766755683e-10,2023
residual_pre_call_market_only,residual_pre_call_market_plus_a4_plus_qa_benchmark_svd_observability_gate,-0.0038432060540215807,1.0014727351367831e-09,-0.0038432060540215807,1.0014727351367831e-09,NKE_2023_Q3,0,tree_qa_logistic_sem,0,0,1,0.0,-0.0038432060540215807,1.0014727351367831e-09,-0.0038432060540215807,1.0014727351367831e-09,-0.0038432060540215807,1.0014727351367831e-09,0.0,val2020_test_post2020,-0.0038115600000000003,NKE,1,-0.0038432060540215807,1.0014727351367831e-09,2023
residual_pre_call_market_only,residual_pre_call_market_plus_a4_plus_qa_benchmark_svd_observability_gate,-0.0007150281155948737,3.217759910950524e-10,-0.0007150281155948737,3.217759910950524e-10,NKE_2024_Q3,0,tree_qa_logistic_sem,0,0,1,0.0,-0.0007150281155948737,3.217759910950524e-10,-0.0007150281155948737,3.217759910950524e-10,-0.0007150281155948737,3.217759910950524e-10,0.0,val2020_test_post2020,-0.0006970899999999999,NKE,1,-0.0007150281155948737,3.217759910950524e-10,2024
residual_pre_call_market_plus_a4_plus_qna_lsa_plus_aligned_audio_svd_observability_gate,residual_pre_call_market_plus_a4_plus_qa_benchmark_svd_observability_gate,-0.0005302243273161333,1.0276337356088908e-11,-0.0005301659784506484,1.0653836674631657e-11,NKE_2025_Q1,0,tree_qa_logistic_sem,0,1,0,1.710089681210002e-10,-0.000546908234483627,1.8166280479563185e-10,-0.0005301659784506484,1.0653836674631657e-11,-0.0005302243273161333,1.0276337356088908e-11,1.7138646743954294e-10,val2020_test_post2020,-0.00053343,NKE,1,-0.0005301659784506484,1.0653836674631657e-11,2025
residual_pre_call_market_only,residual_pre_call_market_plus_a4_plus_qa_benchmark_svd_observability_gate,-0.00023676140519338237,4.7629393643245106e-11,-0.00023676140519338237,4.7629393643245106e-11,NVDA_2021_Q1,0,tree_qa_logistic_sem,0,0,1,0.0,-0.00023676140519338237,4.7629393643245106e-11,-0.00023676140519338237,4.7629393643245106e-11,-0.00023676140519338237,4.7629393643245106e-11,0.0,val2020_test_post2020,-0.00022986,NVDA,1,-0.00023676140519338237,4.7629393643245106e-11,2021
residual_pre_call_market_only,residual_pre_call_market_plus_a4_plus_qa_benchmark_svd_observability_gate,-0.0006298650362062039,2.5050387425412185e-11,-0.0006298650362062039,2.5050387425412185e-11,NVDA_2021_Q2,0,tree_qa_logistic_sem,0,0,1,0.0,-0.0006298650362062039,2.5050387425412185e-11,-0.0006298650362062039,2.5050387425412185e-11,-0.0006298650362062039,2.5050387425412185e-11,0.0,val2020_test_post2020,-0.00062486,NVDA,1,-0.0006298650362062039,2.5050387425412185e-11,2021
residual_pre_call_market_only,residual_pre_call_market_plus_a4_plus_qa_benchmark_svd_observability_gate,-0.020368787650984547,1.3441101628964073e-06,-0.020368787650984547,1.3441101628964073e-06,NVDA_2024_Q1,0,tree_qa_logistic_sem,0,0,1,0.0,-0.020368787650984547,1.3441101628964073e-06,-0.020368787650984547,1.3441101628964073e-06,-0.020368787650984547,1.3441101628964073e-06,0.0,val2020_test_post2020,-0.01920943,NVDA,1,-0.020368787650984547,1.3441101628964073e-06,2024
residual_pre_call_market_only,residual_pre_call_market_plus_a4_plus_qa_benchmark_svd_observability_gate,-0.0006411271215307531,4.4280273427149345e-10,-0.0006411271215307531,4.4280273427149345e-10,NVDA_2024_Q3,0,tree_qa_logistic_sem,0,0,1,0.0,-0.0006411271215307531,4.4280273427149345e-10,-0.0006411271215307531,4.4280273427149345e-10,-0.0006411271215307531,4.4280273427149345e-10,0.0,val2020_test_post2020,-0.00066217,NVDA,1,-0.0006411271215307531,4.4280273427149345e-10,2024
residual_pre_call_market_only,residual_pre_call_market_plus_a4_plus_qna_lsa_plus_aligned_audio_svd_observability_gate,-0.0008480605074937598,2.1147123999742665e-08,-0.0008583262669551773,2.4238213718438764e-08,AAPL_2022_Q2,1,tree_sem_logistic_qa,0,0,1,0.0,-0.0008480605074937598,2.1147123999742665e-08,-0.0008480605074937598,2.1147123999742665e-08,-0.0008583262669551773,2.4238213718438764e-08,-3.0910897186961e-09,val2021_test_post2021,-0.0007026399999999999,AAPL,0,-0.0008583262669551773,2.4238213718438764e-08,2022
residual_pre_call_market_only,residual_pre_call_market_plus_a4_plus_qna_lsa_plus_aligned_audio_svd_observability_gate,-0.00038456138582538266,3.326470470105537e-10,-0.0003794012613326309,5.475009712238352e-10,AAPL_2022_Q3,1,tree_sem_logistic_qa,0,0,1,0.0,-0.00038456138582538266,3.326470470105537e-10,-0.00038456138582538266,3.326470470105537e-10,-0.0003794012613326309,5.475009712238352e-10,-2.1485392421328154e-10,val2021_test_post2021,-0.00040280000000000003,AAPL,0,-0.0003794012613326309,5.475009712238352e-10,2022
residual_pre_call_market_only,residual_pre_call_market_plus_a4_plus_qna_lsa_plus_aligned_audio_svd_observability_gate,-0.002748628413322393,2.460142476175224e-08,-0.0027796920595692613,3.531094213156155e-08,AAPL_2023_Q1,1,tree_sem_logistic_qa,0,0,1,0.0,-0.002748628413322393,2.460142476175224e-08,-0.002748628413322393,2.460142476175224e-08,-0.0027796920595692613,3.531094213156155e-08,-1.0709517369809307e-08,val2021_test_post2021,-0.00259178,AAPL,0,-0.0027796920595692613,3.531094213156155e-08,2023
residual_pre_call_market_only,residual_pre_call_market_plus_a4_plus_qna_lsa_plus_aligned_audio_svd_observability_gate,-0.000414866289187419,1.278321751895468e-10,-0.000426771388952662,5.387685771117593e-10,AAPL_2023_Q3,1,tree_sem_logistic_qa,0,0,1,0.0,-0.000414866289187419,1.278321751895468e-10,-0.000414866289187419,1.278321751895468e-10,-0.000426771388952662,5.387685771117593e-10,-4.1093640192221246e-10,val2021_test_post2021,-0.00040356,AAPL,0,-0.000426771388952662,5.387685771117593e-10,2023
residual_pre_call_market_only,residual_pre_call_market_plus_a4_plus_qna_lsa_plus_aligned_audio_svd_observability_gate,-0.0006903906891774,2.268528205970827e-07,-0.0006903906891774,2.268528205970827e-07,AMGN_2024_Q2,0,tree_qa_logistic_sem,0,0,1,0.0,-0.0006903906891774,2.268528205970827e-07,-0.0006903906891774,2.268528205970827e-07,-0.0006903906891774,2.268528205970827e-07,0.0,val2021_test_post2021,-0.00021409999999999995,AMGN,1,-0.0006903906891774,2.268528205970827e-07,2024
residual_pre_call_market_only,residual_pre_call_market_plus_a4_plus_qna_lsa_plus_aligned_audio_svd_observability_gate,-0.001997021599554105,6.028576637959744e-08,-0.001997021599554105,6.028576637959744e-08,AMZN_2022_Q3,0,tree_qa_logistic_sem,0,0,1,0.0,-0.001997021599554105,6.028576637959744e-08,-0.001997021599554105,6.028576637959744e-08,-0.001997021599554105,6.028576637959744e-08,0.0,val2021_test_post2021,-0.0017514899999999999,AMZN,1,-0.001997021599554105,6.028576637959744e-08,2022
residual_pre_call_market_only,residual_pre_call_market_plus_a4_plus_qna_lsa_plus_aligned_audio_svd_observability_gate,-0.00040312383835698455,6.551904967961646e-09,-0.0004029411736170592,6.522367164004779e-09,AMZN_2024_Q2,0,tree_qa_logistic_sem,0,0,1,0.0,-0.0004029411736170592,6.522367164004779e-09,-0.0004029411736170592,6.522367164004779e-09,-0.00040312383835698455,6.551904967961646e-09,-2.953780395686727e-11,val2021_test_post2021,-0.00032218,AMZN,1,-0.00040312383835698455,6.551904967961646e-09,2024
residual_pre_call_market_only,residual_pre_call_market_plus_a4_plus_qa_benchmark_svd_observability_gate,-0.004963306917843962,2.9298887647696086e-10,-0.004963306917843962,2.9298887647696086e-10,CSCO_2022_Q1,1,tree_sem_logistic_qa,0,0,1,0.0,-0.004963306917843962,2.9298887647696086e-10,-0.004963306917843962,2.9298887647696086e-10,-0.004963306917843962,2.9298887647696086e-10,0.0,val2021_test_post2021,-0.00494619,CSCO,0,-0.004963306917843962,2.9298887647696086e-10,2022
residual_pre_call_market_only,residual_pre_call_market_plus_a4_plus_qa_benchmark_svd_observability_gate,-0.023473642463238034,1.6465364896685976e-09,-0.023473642463238034,1.6465364896685976e-09,CSCO_2022_Q3,1,tree_sem_logistic_qa,0,0,1,0.0,-0.023473642463238034,1.6465364896685976e-09,-0.023473642463238034,1.6465364896685976e-09,-0.023473642463238034,1.6465364896685976e-09,0.0,val2021_test_post2021,-0.02351422,CSCO,0,-0.023473642463238034,1.6465364896685976e-09,2022
residual_pre_call_market_only,residual_pre_call_market_plus_a4_plus_qa_benchmark_svd_observability_gate,-0.004454463054006553,3.560187333775063e-07,-0.004454463054006553,3.560187333775063e-07,CSCO_2023_Q2,1,tree_sem_logistic_qa,0,0,1,0.0,-0.004454463054006553,3.560187333775063e-07,-0.004454463054006553,3.560187333775063e-07,-0.004454463054006553,3.560187333775063e-07,0.0,val2021_test_post2021,-0.0038577900000000007,CSCO,0,-0.004454463054006553,3.560187333775063e-07,2023
residual_pre_call_market_only,residual_pre_call_market_plus_a4_plus_qa_benchmark_svd_observability_gate,-0.010664896144329573,4.086924915541097e-10,-0.010664896144329573,4.086924915541097e-10,CSCO_2024_Q1,1,tree_sem_logistic_qa,0,0,1,0.0,-0.010664896144329573,4.086924915541097e-10,-0.010664896144329573,4.086924915541097e-10,-0.010664896144329573,4.086924915541097e-10,0.0,val2021_test_post2021,-0.01064468,CSCO,0,-0.010664896144329573,4.086924915541097e-10,2024
residual_pre_call_market_only,residual_pre_call_market_plus_a4_plus_qa_benchmark_svd_observability_gate,-0.0028973245025750343,3.820080315815703e-12,-0.0028973245025750343,3.820080315815703e-12,CSCO_2024_Q3,1,tree_sem_logistic_qa,0,0,1,0.0,-0.0028973245025750343,3.820080315815703e-12,-0.0028973245025750343,3.820080315815703e-12,-0.0028973245025750343,3.820080315815703e-12,0.0,val2021_test_post2021,-0.00289537,CSCO,0,-0.0028973245025750343,3.820080315815703e-12,2024
residual_pre_call_market_only,residual_pre_call_market_plus_a4_plus_qna_lsa_plus_aligned_audio_svd_observability_gate,-0.00033102411462394767,2.0083048695283195e-09,-0.0003476605276584925,3.776167349507149e-09,DIS_2023_Q3,1,tree_sem_logistic_qa,0,0,1,0.0,-0.00033102411462394767,2.0083048695283195e-09,-0.00033102411462394767,2.0083048695283195e-09,-0.0003476605276584925,3.776167349507149e-09,-1.7678624799788296e-09,val2021_test_post2021,-0.00028621,DIS,0,-0.0003476605276584925,3.776167349507149e-09,2023
residual_pre_call_market_only,residual_pre_call_market_plus_a4_plus_qna_lsa_plus_aligned_audio_svd_observability_gate,-0.0007962945789856046,2.0665272934112073e-10,-0.0007924729783736657,3.311315960692766e-10,DIS_2023_Q4,1,tree_sem_logistic_qa,0,0,1,0.0,-0.0007962945789856046,2.0665272934112073e-10,-0.0007962945789856046,2.0665272934112073e-10,-0.0007924729783736657,3.311315960692766e-10,-1.244788667281559e-10,val2021_test_post2021,-0.00081067,DIS,0,-0.0007924729783736657,3.311315960692766e-10,2023
residual_pre_call_market_only,residual_pre_call_market_plus_a4_plus_qna_lsa_plus_aligned_audio_svd_observability_gate,-0.000960177770006297,1.3023899342917288e-10,-0.0009484116715000751,5.372349120504287e-10,IBM_2022_Q1,1,tree_sem_logistic_qa,0,0,1,0.0,-0.000960177770006297,1.3023899342917288e-10,-0.000960177770006297,1.3023899342917288e-10,-0.0009484116715000751,5.372349120504287e-10,-4.0699591862125583e-10,val2021_test_post2021,-0.0009715899999999999,IBM,0,-0.0009484116715000751,5.372349120504287e-10,2022
residual_pre_call_market_only,residual_pre_call_market_plus_a4_plus_qna_lsa_plus_aligned_audio_svd_observability_gate,-0.002355071488010631,5.9457226212146755e-09,-0.0023347218084046805,9.498099109029984e-09,IBM_2023_Q1,1,tree_sem_logistic_qa,0,0,1,0.0,-0.002355071488010631,5.9457226212146755e-09,-0.002355071488010631,5.9457226212146755e-09,-0.0023347218084046805,9.498099109029984e-09,-3.552376487815308e-09,val2021_test_post2021,-0.00243218,IBM,0,-0.0023347218084046805,9.498099109029984e-09,2023
residual_pre_call_market_only,residual_pre_call_market_plus_a4_plus_qna_lsa_plus_aligned_audio_svd_observability_gate,-0.0002138545930885882,2.0493087503929693e-10,-0.00020908659466494926,3.641763591818431e-10,IBM_2023_Q2,1,tree_sem_logistic_qa,0,0,1,0.0,-0.0002138545930885882,2.0493087503929693e-10,-0.0002138545930885882,2.0493087503929693e-10,-0.00020908659466494926,3.641763591818431e-10,-1.5924548414254617e-10,val2021_test_post2021,-0.00022817,IBM,0,-0.00020908659466494926,3.641763591818431e-10,2023
residual_pre_call_market_only,residual_pre_call_market_plus_a4_plus_qna_lsa_plus_aligned_audio_svd_observability_gate,-0.0003793297889087691,1.5725689421262994e-10,-0.00039445987177503985,6.7074358111480665e-12,IBM_2023_Q3,0,tree_qa_logistic_sem,0,0,1,0.0,-0.00039445987177503985,6.7074358111480665e-12,-0.00039445987177503985,6.7074358111480665e-12,-0.0003793297889087691,1.5725689421262994e-10,-1.5054945840148188e-10,val2021_test_post2021,-0.00039187,IBM,1,-0.0003793297889087691,1.5725689421262994e-10,2023
residual_pre_call_market_only,residual_pre_call_market_plus_a4_plus_qna_lsa_plus_aligned_audio_svd_observability_gate,-0.0016666077817693399,1.5126046389012909e-09,-0.0016411344104375588,4.142929119720643e-09,IBM_2024_Q1,1,tree_sem_logistic_qa,0,0,1,0.0,-0.0016666077817693399,1.5126046389012909e-09,-0.0016666077817693399,1.5126046389012909e-09,-0.0016411344104375588,4.142929119720643e-09,-2.630324480819352e-09,val2021_test_post2021,-0.0017055,IBM,0,-0.0016411344104375588,4.142929119720643e-09,2024
residual_pre_call_market_only,residual_pre_call_market_plus_a4_plus_qna_lsa_plus_aligned_audio_svd_observability_gate,-0.005297156153096001,2.0714073707645738e-08,-0.005270688349222674,2.9033314654622184e-08,IBM_2024_Q3,1,tree_sem_logistic_qa,0,0,1,0.0,-0.005297156153096001,2.0714073707645738e-08,-0.005297156153096001,2.0714073707645738e-08,-0.005270688349222674,2.9033314654622184e-08,-8.319240946976446e-09,val2021_test_post2021,-0.00544108,IBM,0,-0.005270688349222674,2.9033314654622184e-08,2024
residual_pre_call_market_only,residual_pre_call_market_plus_a4_plus_qna_lsa_plus_aligned_audio_svd_observability_gate,-4.2281214557736294e-05,9.109057121801134e-10,-7.120532674021992e-05,3.493439649068156e-09,MSFT_2023_Q1,1,tree_sem_logistic_qa,0,0,1,0.0,-4.2281214557736294e-05,9.109057121801134e-10,-4.2281214557736294e-05,9.109057121801134e-10,-7.120532674021992e-05,3.493439649068156e-09,-2.5825339368880427e-09,val2021_test_post2021,-1.2099999999999996e-05,MSFT,0,-7.120532674021992e-05,3.493439649068156e-09,2023
residual_pre_call_market_only,residual_pre_call_market_plus_a4_plus_qna_lsa_plus_aligned_audio_svd_observability_gate,-0.0004625222004720983,1.1833078129033108e-12,-0.0004803004695658086,2.7857177432718235e-10,NKE_2022_Q4,1,tree_sem_logistic_qa,1,0,0,-5.360004035505715e-13,-0.0004628054458319338,6.473074093527393e-13,-0.0004625222004720983,1.1833078129033108e-12,-0.0004803004695658086,2.7857177432718235e-10,-2.779244669178296e-10,val2021_test_post2021,-0.00046361000000000004,NKE,0,-0.0004803004695658086,2.7857177432718235e-10,2022
residual_pre_call_market_only,residual_pre_call_market_plus_a4_plus_qna_lsa_plus_aligned_audio_svd_observability_gate,-0.001519906725320271,1.4916407840251236e-10,-0.001549627417221619,3.0650965777183997e-10,NKE_2023_Q2,1,tree_sem_logistic_qa,1,0,0,-1.1447955636256896e-10,-0.0015262306433254606,3.46845220399434e-11,-0.001519906725320271,1.4916407840251236e-10,-0.001549627417221619,3.0650965777183997e-10,-2.7182513573189656e-10,val2021_test_post2021,-0.00153212,NKE,0,-0.001549627417221619,3.0650965777183997e-10,2023
residual_pre_call_market_only,residual_pre_call_market_plus_a4_plus_qna_lsa_plus_aligned_audio_svd_observability_gate,-0.003872689317539462,3.73679346284035e-09,-0.003858146265520848,2.1702801351789386e-09,NKE_2023_Q3,1,tree_sem_logistic_qa,1,0,0,-1.566513327661411e-09,-0.003858146265520848,2.1702801351789386e-09,-0.003872689317539462,3.73679346284035e-09,-0.003858146265520848,2.1702801351789386e-09,0.0,val2021_test_post2021,-0.0038115600000000003,NKE,0,-0.003858146265520848,2.1702801351789386e-09,2023
residual_pre_call_market_plus_a4_plus_qa_benchmark_svd_observability_gate,residual_pre_call_market_plus_a4_plus_qna_lsa_plus_aligned_audio_svd_observability_gate,-0.0016804286530543514,1.096182907073404e-09,-0.0017307647365891682,6.963024064435656e-09,NKE_2024_Q2,1,tree_sem_logistic_qa,0,1,0,4.324863293189483e-10,-0.0016864181999124302,1.5286692363923522e-09,-0.0016804286530543514,1.096182907073404e-09,-0.0017307647365891682,6.963024064435656e-09,-5.434354828043304e-09,val2021_test_post2021,-0.00164732,NKE,0,-0.0017307647365891682,6.963024064435656e-09,2024
residual_pre_call_market_only,residual_pre_call_market_plus_a4_plus_qna_lsa_plus_aligned_audio_svd_observability_gate,-0.0007205553083217221,5.50620694633484e-10,-0.0007178801847069135,4.3223178014758095e-10,NKE_2024_Q3,1,tree_sem_logistic_qa,1,0,0,-1.1838891448590308e-10,-0.0007178801847069135,4.3223178014758095e-10,-0.0007205553083217221,5.50620694633484e-10,-0.0007178801847069135,4.3223178014758095e-10,0.0,val2021_test_post2021,-0.0006970899999999999,NKE,0,-0.0007178801847069135,4.3223178014758095e-10,2024
residual_pre_call_market_only,residual_pre_call_market_plus_a4_plus_qna_lsa_plus_aligned_audio_svd_observability_gate,-0.00706098550428156,8.771267044791832e-11,-0.007064048716944947,1.5447300489761464e-10,NVDA_2023_Q1,1,tree_sem_logistic_qa,0,0,1,0.0,-0.00706098550428156,8.771267044791832e-11,-0.00706098550428156,8.771267044791832e-11,-0.007064048716944947,1.5447300489761464e-10,-6.676033444969632e-11,val2021_test_post2021,-0.00705162,NVDA,0,-0.007064048716944947,1.5447300489761464e-10,2023
residual_pre_call_market_plus_a4_plus_qna_lsa_plus_aligned_audio_svd_observability_gate,residual_pre_call_market_plus_a4_plus_qna_lsa_plus_aligned_audio_svd_observability_gate,-0.0003174496750845689,3.4970215194269375e-10,-0.00031472896401651463,4.588607826057755e-10,NVDA_2023_Q2,0,tree_qa_logistic_sem,0,0,1,0.0,-0.00031472896401651463,4.588607826057755e-10,-0.00031472896401651463,4.588607826057755e-10,-0.0003174496750845689,3.4970215194269375e-10,1.0915863066308174e-10,val2021_test_post2021,-0.00033615,NVDA,1,-0.0003174496750845689,3.4970215194269375e-10,2023
residual_pre_call_market_only,residual_pre_call_market_plus_a4_plus_qna_lsa_plus_aligned_audio_svd_observability_gate,-0.019723321405384596,2.6408437652815555e-07,-0.019723321405384596,2.6408437652815555e-07,NVDA_2024_Q1,1,tree_sem_logistic_qa,0,0,1,0.0,-0.019723321405384596,2.6408437652815555e-07,-0.019723321405384596,2.6408437652815555e-07,-0.019723321405384596,2.6408437652815555e-07,0.0,val2021_test_post2021,-0.01920943,NVDA,0,-0.019723321405384596,2.6408437652815555e-07,2024
residual_pre_call_market_only,residual_pre_call_market_plus_a4_plus_qna_lsa_plus_aligned_audio_svd_observability_gate,-0.0072836031154292005,4.268897946736013e-08,-0.0072836031154292005,4.268897946736013e-08,NVDA_2024_Q2,1,tree_sem_logistic_qa,0,0,1,0.0,-0.0072836031154292005,4.268897946736013e-08,-0.0072836031154292005,4.268897946736013e-08,-0.0072836031154292005,4.268897946736013e-08,0.0,val2021_test_post2021,-0.00707699,NVDA,0,-0.0072836031154292005,4.268897946736013e-08,2024
residual_pre_call_market_only,residual_pre_call_market_plus_a4_plus_qna_lsa_plus_aligned_audio_svd_observability_gate,-0.0006428818771648198,3.720316825049994e-10,-0.0006428818771648198,3.720316825049994e-10,NVDA_2024_Q3,1,tree_sem_logistic_qa,0,0,1,0.0,-0.0006428818771648198,3.720316825049994e-10,-0.0006428818771648198,3.720316825049994e-10,-0.0006428818771648198,3.720316825049994e-10,0.0,val2021_test_post2021,-0.00066217,NVDA,0,-0.0006428818771648198,3.720316825049994e-10,2024
residual_pre_call_market_only,residual_pre_call_market_plus_a4_plus_qna_lsa_plus_aligned_audio_svd_observability_gate,-0.012929060631162352,2.8056461439786462e-08,-0.012929060631162352,2.8056461439786462e-08,NVDA_2025_Q2,1,tree_sem_logistic_qa,0,0,1,0.0,-0.012929060631162352,2.8056461439786462e-08,-0.012929060631162352,2.8056461439786462e-08,-0.012929060631162352,2.8056461439786462e-08,0.0,val2021_test_post2021,-0.01276156,NVDA,0,-0.012929060631162352,2.8056461439786462e-08,2025
residual_pre_call_market_only,residual_pre_call_market_plus_a4_plus_qna_lsa_plus_aligned_audio_svd_observability_gate,-0.002002172365557746,1.0587923173811772e-08,-0.0019370233658390916,2.823967125281022e-08,AAPL_2024_Q2,1,tree_sem_logistic_qa,0,0,1,0.0,-0.002002172365557746,1.0587923173811772e-08,-0.002002172365557746,1.0587923173811772e-08,-0.0019370233658390916,2.823967125281022e-08,-1.7651748078998446e-08,val2022_test_post2022,-0.00210507,AAPL,0,-0.0019370233658390916,2.823967125281022e-08,2024
residual_pre_call_market_only,residual_pre_call_market_plus_a4_plus_qna_lsa_plus_aligned_audio_svd_observability_gate,-0.0021058798278319945,1.5350858911145384e-09,-0.0021160428418589765,8.419954665811597e-10,CSCO_2023_Q1,1,tree_sem_logistic_qa,1,0,0,-6.930904245333787e-10,-0.0021160428418589765,8.419954665811597e-10,-0.0021058798278319945,1.5350858911145384e-09,-0.0021160428418589765,8.419954665811597e-10,0.0,val2022_test_post2022,-0.00214506,CSCO,0,-0.0021160428418589765,8.419954665811597e-10,2023
residual_pre_call_market_only,residual_pre_call_market_plus_a4_plus_qna_lsa_plus_aligned_audio_svd_observability_gate,-0.0006872931641812683,6.6108015508542055e-09,-0.0007265949831020831,1.7644214445942835e-09,CSCO_2023_Q3,0,tree_qa_logistic_sem,1,0,0,-1.7403662718577132e-09,-0.0007636953927031239,2.405517273657038e-11,-0.0007265949831020831,1.7644214445942835e-09,-0.0006872931641812683,6.6108015508542055e-09,-6.586746378117635e-09,val2022_test_post2022,-0.0007686,CSCO,1,-0.0006872931641812683,6.6108015508542055e-09,2023
residual_pre_call_market_only,residual_pre_call_market_plus_a4_plus_qna_lsa_plus_aligned_audio_svd_observability_gate,-0.0005956186169994628,4.4992276879548055e-10,-0.0005929803573215414,5.688054558901575e-10,CSCO_2023_Q4,0,tree_qa_logistic_sem,1,0,0,-5.552564338810507e-10,-0.000620510899619537,1.3549022009106874e-11,-0.0005929803573215414,5.688054558901575e-10,-0.0005956186169994628,4.4992276879548055e-10,-4.3637374678637367e-10,val2022_test_post2022,-0.0006168300000000001,CSCO,1,-0.0005956186169994628,4.4992276879548055e-10,2023
residual_pre_call_market_plus_a4_plus_qa_benchmark_svd_observability_gate,residual_pre_call_market_plus_a4_plus_qna_lsa_plus_aligned_audio_svd_observability_gate,-0.0018975547174354423,1.2920633386459034e-09,-0.0018631613864889159,4.947520550661684e-09,CSCO_2024_Q4,1,tree_sem_logistic_qa,0,1,0,7.56959580342318e-11,-0.0018965167700615519,1.3677592966801352e-09,-0.0018975547174354423,1.2920633386459034e-09,-0.0018631613864889159,4.947520550661684e-09,-3.579761253981549e-09,val2022_test_post2022,-0.0019335,CSCO,0,-0.0018631613864889159,4.947520550661684e-09,2024
residual_pre_call_market_plus_a4_plus_qna_lsa_plus_aligned_audio_svd_observability_gate,residual_pre_call_market_plus_a4_plus_qna_lsa_plus_aligned_audio_svd_observability_gate,-0.0004527917517299446,1.3996391675030103e-09,-0.00048014456712841417,4.194449155330862e-09,CSCO_2025_Q1,0,tree_qa_logistic_sem,0,1,0,4.173610953515268e-09,-0.0005068571015546849,8.36806010884613e-09,-0.00048014456712841417,4.194449155330862e-09,-0.0004527917517299446,1.3996391675030103e-09,6.968420941343119e-09,val2022_test_post2022,-0.00041538,CSCO,1,-0.0004527917517299446,1.3996391675030103e-09,2025
residual_pre_call_market_plus_a4_plus_qna_lsa_plus_aligned_audio_svd_observability_gate,residual_pre_call_market_plus_a4_plus_qa_benchmark_svd_observability_gate,-0.0033042520176794522,6.60900354993612e-10,-0.003331118409071009,1.3419115757950983e-12,DIS_2024_Q1,1,tree_sem_logistic_qa,1,0,0,-4.309595773964291e-10,-0.0033147962017424006,2.299407775971829e-10,-0.0033042520176794522,6.60900354993612e-10,-0.003331118409071009,1.3419115757950983e-12,2.285988660213878e-10,val2022_test_post2022,-0.0033299600000000003,DIS,0,-0.0033042520176794522,6.60900354993612e-10,2024
residual_pre_call_market_plus_a4_plus_qa_benchmark_svd_observability_gate,residual_pre_call_market_plus_a4_plus_qa_benchmark_svd_observability_gate,-2.8002860074684277e-05,2.5290095855498734e-10,-3.765525450838956e-05,6.530710329885651e-10,MSFT_2023_Q1,1,tree_sem_logistic_qa,0,1,0,4.001700744335778e-10,-3.765525450838956e-05,6.530710329885651e-10,-2.8002860074684277e-05,2.5290095855498734e-10,-3.765525450838956e-05,6.530710329885651e-10,0.0,val2022_test_post2022,-1.2099999999999996e-05,MSFT,0,-2.8002860074684277e-05,2.5290095855498734e-10,2023
residual_pre_call_market_plus_a4_plus_qna_lsa_plus_aligned_audio_svd_observability_gate,residual_pre_call_market_plus_a4_plus_qa_benchmark_svd_observability_gate,-2.1654685315116795e-05,9.830098489779264e-11,-2.4188070462570098e-05,1.5495445824111014e-10,MSFT_2024_Q1,0,tree_qa_logistic_sem,0,1,0,3.606428711251487e-10,-3.444676836025459e-05,5.155973293662588e-10,-2.4188070462570098e-05,1.5495445824111014e-10,-2.1654685315116795e-05,9.830098489779264e-11,4.172963444684662e-10,val2022_test_post2022,-1.174e-05,MSFT,1,-2.4188070462570098e-05,1.5495445824111014e-10,2024
residual_pre_call_market_plus_a4_plus_qa_benchmark_svd_observability_gate,residual_pre_call_market_plus_a4_plus_qna_lsa_plus_aligned_audio_svd_observability_gate,-0.0037668174307365016,2.0018975042989796e-09,-0.003812999037172862,2.0708279848780576e-12,NKE_2023_Q3,0,tree_qa_logistic_sem,0,1,0,8.464601156132563e-10,-0.003840689554469613,8.485309435981344e-10,-0.003812999037172862,2.0708279848780576e-12,-0.0037668174307365016,2.0018975042989796e-09,-1.1533665607008452e-09,val2022_test_post2022,-0.0038115600000000003,NKE,1,-0.0037668174307365016,2.0018975042989796e-09,2023
residual_pre_call_market_plus_a4_plus_qa_benchmark_svd_observability_gate,residual_pre_call_market_plus_a4_plus_qna_lsa_plus_aligned_audio_svd_observability_gate,-0.00042239227595644124,4.746145686458455e-09,-0.00046676616523058293,1.282922418604172e-08,NKE_2024_Q1,1,tree_sem_logistic_qa,0,1,0,9.864532452779504e-10,-0.0004292139282545583,5.732598931736406e-09,-0.00042239227595644124,4.746145686458455e-09,-0.00046676616523058293,1.282922418604172e-08,-7.096625254305314e-09,val2022_test_post2022,-0.0003535,NKE,0,-0.00046676616523058293,1.282922418604172e-08,2024
residual_pre_call_market_plus_a4_plus_qna_lsa_plus_aligned_audio_svd_observability_gate,residual_pre_call_market_plus_a4_plus_qna_lsa_plus_aligned_audio_svd_observability_gate,-0.0016472280468004619,8.455390905312795e-15,-0.001607006397113578,1.625186577684144e-09,NKE_2024_Q2,0,tree_qa_logistic_sem,1,0,0,-1.0613518915673793e-09,-0.0016710652034338889,5.638346861167646e-10,-0.001607006397113578,1.625186577684144e-09,-0.0016472280468004619,8.455390905312795e-15,5.638262307258593e-10,val2022_test_post2022,-0.00164732,NKE,1,-0.0016472280468004619,8.455390905312795e-15,2024
residual_pre_call_market_plus_a4_plus_qa_benchmark_svd_observability_gate,residual_pre_call_market_plus_a4_plus_qna_lsa_plus_aligned_audio_svd_observability_gate,-0.0007034259372631342,4.014410100237365e-11,-0.0006912810822732846,3.374352515574736e-11,NKE_2024_Q3,0,tree_qa_logistic_sem,0,1,0,1.681200225998246e-10,-0.0007112978692193999,2.0186354775557195e-10,-0.0006912810822732846,3.374352515574736e-11,-0.0007034259372631342,4.014410100237365e-11,1.617194467531983e-10,val2022_test_post2022,-0.0006970899999999999,NKE,1,-0.0007034259372631342,4.014410100237365e-11,2024
residual_pre_call_market_only,residual_pre_call_market_plus_a4_plus_qna_lsa_plus_aligned_audio_svd_observability_gate,-0.0005026228422663993,9.490809676229532e-10,-0.0005048316676884467,8.178646110020328e-10,NKE_2025_Q1,0,tree_qa_logistic_sem,1,0,0,-6.291556225020432e-10,-0.0005471671390216446,1.8870898849998963e-10,-0.0005048316676884467,8.178646110020328e-10,-0.0005026228422663993,9.490809676229532e-10,-7.603719791229635e-10,val2022_test_post2022,-0.00053343,NKE,1,-0.0005026228422663993,9.490809676229532e-10,2025
residual_pre_call_market_only,residual_pre_call_market_plus_a4_plus_qna_lsa_plus_aligned_audio_svd_observability_gate,-0.00028226751142293774,2.9033225752572456e-09,-0.0003072295708120195,8.363912244169943e-10,NVDA_2023_Q2,0,tree_qa_logistic_sem,0,0,1,0.0,-0.0003072295708120195,8.363912244169943e-10,-0.0003072295708120195,8.363912244169943e-10,-0.00028226751142293774,2.9033225752572456e-09,-2.0669313508402513e-09,val2022_test_post2022,-0.00033615,NVDA,1,-0.00028226751142293774,2.9033225752572456e-09,2023
residual_pre_call_market_plus_a4_plus_qna_lsa_plus_aligned_audio_svd_observability_gate,residual_pre_call_market_plus_a4_plus_qna_lsa_plus_aligned_audio_svd_observability_gate,-0.007213383106101587,1.8603079392038767e-08,-0.007129785281411475,2.787341739316869e-09,NVDA_2024_Q2,1,tree_sem_logistic_qa,0,0,1,0.0,-0.007213383106101587,1.8603079392038767e-08,-0.007213383106101587,1.8603079392038767e-08,-0.007129785281411475,2.787341739316869e-09,1.5815737652721898e-08,val2022_test_post2022,-0.00707699,NVDA,0,-0.007129785281411475,2.787341739316869e-09,2024
