event_key,qa_tail_bottom2_coverage_mean,qa_tail_bottom2_direct_early_mean,qa_tail_certainty_rate_top2_mean,qa_tail_coverage_mean,qa_tail_coverage_median,qa_tail_coverage_std,qa_tail_direct_early_mean,qa_tail_direct_early_median,qa_tail_direct_early_std,qa_tail_evasion_mean,qa_tail_evasion_median,qa_tail_evasion_std,qa_tail_first2_direct_early_mean,qa_tail_first2_evasion_mean,qa_tail_first2_severity_mean,qa_tail_forward_rate_top2_mean,qa_tail_hedge_rate_top2_mean,qa_tail_high_evasion_share,qa_tail_justification_rate_top2_mean,qa_tail_low_overlap_share,qa_tail_max_delay_share,qa_tail_max_evasion,qa_tail_min_coverage,qa_tail_min_direct_early,qa_tail_nonresponse_share,qa_tail_numeric_mismatch_share,qa_tail_pair_count,qa_tail_question_complexity_max,qa_tail_severity_max,qa_tail_severity_mean,qa_tail_severity_median,qa_tail_severity_std,qa_tail_short_evasive_share,qa_tail_top2_complexity_mean,qa_tail_top2_delay_share_mean,qa_tail_top2_evasion_mean,qa_tail_top2_severity_mean
AAPL_2019_Q2,0.140920,0.250000,19.063181,0.207542,0.235880,0.054452,0.718205,0.907904,0.365178,0.240640,0.224379,0.091515,0.996711,0.224379,1.662984,25.932954,40.935673,0.000000,3.289474,0.166667,0.500000,0.420025,0.094340,0.000000,0.000000,0.500000,6,138.000000,3.322806,1.964777,1.682116,0.618944,0.000000,118.500000,0.470588,0.343130,2.627911
AAPL_2019_Q3,0.167097,0.471014,40.684134,0.239397,0.204082,0.068369,0.829155,0.947761,0.339170,0.186837,0.156090,0.096176,0.971707,0.123271,1.578304,27.783843,23.752013,0.000000,7.434246,0.000000,0.413462,0.413420,0.166969,0.000000,0.000000,0.142857,7,240.000000,2.805051,1.746224,1.622078,0.436624,0.000000,181.500000,0.235716,0.296686,2.226222
AAPL_2019_Q4,0.074417,0.000000,10.025629,0.171455,0.193028,0.078961,0.468243,0.443182,0.469115,0.359167,0.327473,0.192448,0.935865,0.177200,1.653925,12.941919,23.156874,0.333333,4.672411,0.333333,1.000000,0.597228,0.019802,0.000000,0.166667,0.166667,6,109.000000,3.815952,2.463783,2.260405,0.901261,0.166667,106.500000,0.922886,0.585118,3.577928
AAPL_2020_Q2,0.115676,0.000000,42.002688,0.206863,0.230769,0.066160,0.630201,0.913386,0.424485,0.249704,0.220150,0.135709,0.456693,0.310385,2.474091,31.586022,23.237179,0.142857,3.703704,0.285714,1.000000,0.506882,0.088496,0.000000,0.000000,0.285714,7,112.000000,3.441996,1.993055,1.693156,0.664550,0.000000,109.500000,0.729167,0.444047,2.844474
AAPL_2020_Q3,0.153691,0.000000,36.642761,0.227474,0.224599,0.049940,0.634795,0.870690,0.417643,0.263306,0.220807,0.137473,0.989666,0.174087,1.490812,21.178844,25.431034,0.090909,36.228721,0.090909,1.000000,0.539651,0.113208,0.000000,0.000000,0.363636,11,208.000000,3.061713,2.007905,1.856337,0.571747,0.000000,158.000000,0.975000,0.499085,2.972761
AAPL_2020_Q4,0.147871,0.000000,23.104852,0.225369,0.230366,0.045131,0.732623,0.909836,0.393355,0.232230,0.167349,0.126756,0.893694,0.187276,1.591691,17.397123,19.968104,0.111111,14.845406,0.111111,0.446809,0.503606,0.144578,0.000000,0.000000,0.222222,9,109.000000,3.205172,1.921184,1.581767,0.646115,0.000000,108.500000,0.359119,0.464681,3.126961
AAPL_2021_Q1,0.019275,0.000000,20.989011,0.195388,0.222222,0.103137,0.504170,0.710909,0.433827,0.311206,0.196787,0.192153,0.000000,0.559522,2.796465,15.054052,18.067114,0.333333,20.195122,0.250000,1.000000,0.597431,0.018349,0.000000,0.000000,0.250000,12,121.000000,3.899215,2.223058,1.765780,0.890033,0.166667,116.000000,1.000000,0.597301,3.866314
AAPL_2021_Q2,0.154852,0.807216,19.611529,0.232917,0.259887,0.054249,0.921379,0.939850,0.071541,0.163359,0.158004,0.044648,0.897110,0.197248,1.728946,36.278195,32.436479,0.000000,15.852130,0.111111,0.200000,0.247916,0.147541,0.800000,0.000000,0.333333,9,122.000000,1.922548,1.584699,1.535344,0.125566,0.000000,118.500000,0.192784,0.235599,1.777435
AAPL_2021_Q3,0.058706,0.403409,22.773279,0.226350,0.257237,0.087843,0.874941,0.946714,0.248057,0.178055,0.156382,0.073956,0.976970,0.219299,1.675489,18.199651,31.151515,0.000000,20.157168,0.214286,0.419355,0.415065,0.035088,0.000000,0.000000,0.071429,14,159.000000,2.626336,1.639676,1.600177,0.335307,0.000000,156.500000,0.306268,0.336166,2.219132
AAPL_2021_Q4,0.140645,0.186170,15.688803,0.227258,0.207171,0.062930,0.797422,0.923077,0.301812,0.195351,0.180625,0.111968,0.678871,0.205470,1.975200,14.426177,26.238664,0.090909,18.861107,0.181818,1.000000,0.530763,0.137405,0.000000,0.000000,0.363636,11,178.000000,3.546344,1.912284,1.742287,0.561778,0.000000,177.500000,0.813830,0.379516,2.918132
AAPL_2022_Q2,0.085290,0.000000,47.031963,0.204633,0.208791,0.079755,0.682329,0.922794,0.418673,0.259839,0.180175,0.146731,0.481618,0.320358,2.608887,44.202899,13.745867,0.090909,12.411258,0.090909,0.666667,0.550615,0.019417,0.000000,0.000000,0.545455,11,178.000000,3.650471,2.155271,1.857688,0.793362,0.090909,164.000000,0.600000,0.507059,3.595507
AAPL_2022_Q3,0.057540,0.000000,28.674203,0.203067,0.223464,0.077414,0.646750,0.851351,0.400423,0.279772,0.179526,0.153290,0.832955,0.186918,1.916724,28.024853,24.789916,0.090909,21.218487,0.181818,1.000000,0.592563,0.031746,0.000000,0.090909,0.363636,11,151.000000,3.141374,2.009222,1.793521,0.545191,0.000000,141.500000,0.783613,0.524269,3.111819
AAPL_2022_Q4,0.086811,0.000000,23.625311,0.199771,0.210228,0.072024,0.574910,0.844400,0.434537,0.254326,0.184177,0.145576,0.964760,0.167730,1.623509,23.625311,22.352647,0.200000,10.649145,0.200000,1.000000,0.531583,0.025316,0.000000,0.100000,0.100000,10,133.000000,3.215411,1.943909,1.754403,0.571198,0.000000,124.000000,1.000000,0.531381,2.890129
AAPL_2023_Q1,0.115584,0.000000,18.774079,0.222371,0.241651,0.063809,0.376165,0.000000,0.461563,0.334081,0.381815,0.151080,0.000000,0.395159,2.927711,73.252688,29.498016,0.100000,13.309931,0.200000,1.000000,0.585455,0.103896,0.000000,0.000000,0.200000,10,152.000000,3.414867,2.482358,2.837841,0.723939,0.100000,137.500000,0.764151,0.533106,3.390120
AAPL_2023_Q3,0.066833,0.000000,29.793103,0.209943,0.226415,0.079881,0.711354,0.903846,0.398185,0.249092,0.169301,0.146299,0.492248,0.317723,2.216996,44.994944,22.965059,0.058824,24.993859,0.294118,1.000000,0.587556,0.044776,0.000000,0.000000,0.411765,17,149.000000,3.599306,1.940667,1.670671,0.745896,0.117647,141.000000,1.000000,0.533407,3.436226
AAPL_2023_Q4,0.090633,0.000000,15.650407,0.207374,0.221510,0.068712,0.479219,0.449275,0.480034,0.283951,0.267041,0.160968,0.000000,0.478929,3.096100,28.642715,14.427458,0.100000,15.603409,0.200000,1.000000,0.545000,0.035714,0.000000,0.000000,0.100000,10,196.000000,3.198641,2.334336,2.361323,0.754994,0.100000,177.000000,0.739496,0.491162,3.167691
AAPL_2024_Q1,0.155556,0.927421,4.504505,0.208897,0.203636,0.061597,0.954334,0.955307,0.024079,0.149769,0.147715,0.012469,0.950473,0.159017,1.684479,12.343349,10.421190,0.000000,10.905741,0.000000,0.076531,0.170319,0.155556,0.923469,0.000000,0.200000,5,286.000000,1.798342,1.599695,1.570617,0.112999,0.000000,185.000000,0.072579,0.161330,1.709778
AAPL_2024_Q2,0.148608,0.000000,20.945007,0.214615,0.200000,0.056019,0.778051,0.960000,0.369842,0.211015,0.163886,0.097369,0.450000,0.303078,2.224625,54.732254,46.245059,0.000000,10.075122,0.181818,0.328571,0.420358,0.148148,0.000000,0.000000,0.454545,11,220.000000,2.709650,1.846566,1.695729,0.448737,0.000000,178.000000,0.269691,0.391166,2.691906
AMGN_2018_Q4,0.031746,0.000000,18.720930,0.164651,0.190476,0.093997,0.324421,0.000000,0.451386,0.352243,0.317273,0.173246,0.000000,0.458636,3.245244,43.906810,70.243104,0.222222,6.644592,0.444444,1.000000,0.600000,0.000000,0.000000,0.000000,0.222222,9,155.000000,3.561920,2.595106,2.928569,0.727573,0.222222,139.500000,1.000000,0.585263,3.360291
AMGN_2019_Q1,0.032258,0.028409,45.377868,0.188496,0.198456,0.091840,0.772107,0.914337,0.338415,0.223689,0.204938,0.087997,0.979117,0.189400,1.660264,46.049189,75.963719,0.083333,5.434783,0.333333,1.000000,0.500000,0.000000,0.000000,0.000000,0.250000,12,152.000000,2.366658,1.777271,1.707614,0.252242,0.000000,144.000000,0.971591,0.373262,2.252879
AMGN_2019_Q2,0.058824,0.000000,33.986014,0.153936,0.145329,0.070301,0.446399,0.300699,0.390228,0.328423,0.277177,0.144546,0.142202,0.378588,2.846024,51.764401,28.942533,0.111111,8.083659,0.555556,1.000000,0.550000,0.000000,0.000000,0.111111,0.111111,9,132.000000,3.376700,2.424144,2.470183,0.629068,0.111111,126.500000,1.000000,0.515000,3.299282
AMGN_2019_Q3,0.094991,0.130769,56.410256,0.207963,0.222128,0.085393,0.637166,0.746939,0.355831,0.248088,0.210947,0.065998,0.670955,0.223915,1.985020,49.122807,37.362637,0.000000,2.040816,0.125000,0.738462,0.368618,0.024845,0.000000,0.000000,0.375000,8,165.000000,3.352213,2.025335,1.862846,0.740727,0.000000,152.000000,0.679757,0.359745,3.031364
AMGN_2020_Q2,0.069025,0.000000,23.084141,0.192057,0.195518,0.070248,0.749225,0.905376,0.348173,0.254222,0.220624,0.105659,0.495946,0.278083,2.311878,26.954258,38.561936,0.083333,16.582684,0.250000,1.000000,0.545410,0.032787,0.000000,0.000000,0.583333,12,173.000000,3.352731,1.997786,1.793639,0.528545,0.083333,150.000000,1.000000,0.446354,3.086496
AMGN_2020_Q3,0.049296,0.000000,42.230934,0.171980,0.180466,0.090642,0.598906,0.939554,0.464153,0.309892,0.257590,0.140434,0.482283,0.257590,2.149884,31.739130,34.546944,0.125000,1.968504,0.500000,1.000000,0.600000,0.000000,0.000000,0.000000,0.500000,8,166.000000,4.196755,2.397563,1.920976,0.892620,0.250000,162.500000,1.000000,0.531577,3.868469
AMGN_2020_Q4,0.007143,0.000000,33.066391,0.181375,0.212471,0.106321,0.546247,0.821918,0.447392,0.304391,0.224475,0.166208,0.410959,0.363571,1.649811,32.685972,64.441887,0.200000,15.238975,0.333333,1.000000,0.692821,0.000000,0.000000,0.000000,0.466667,15,191.000000,4.436382,2.129190,1.712778,0.805251,0.133333,161.500000,1.000000,0.646410,3.846011
AMGN_2021_Q1,0.055764,0.000000,12.751787,0.185713,0.181818,0.087200,0.684803,0.913043,0.420480,0.260926,0.180736,0.154095,0.456522,0.384578,2.230447,28.352130,34.614667,0.181818,11.274880,0.363636,1.000000,0.547113,0.020619,0.000000,0.000000,0.090909,11,197.000000,3.625479,2.047398,1.731631,0.707589,0.181818,179.500000,1.000000,0.542193,3.360704
AMGN_2021_Q2,0.018797,0.000000,27.619048,0.169658,0.202128,0.084407,0.606028,0.806780,0.391450,0.269703,0.205416,0.157469,0.828390,0.161631,1.824949,37.543860,36.416800,0.181818,23.923445,0.363636,1.000000,0.600000,0.000000,0.000000,0.000000,0.454545,11,171.000000,3.925743,2.206238,1.887736,0.879205,0.090909,154.000000,0.759259,0.560951,3.676456
AMGN_2021_Q3,0.026762,0.000000,44.772257,0.143018,0.136364,0.086708,0.645193,0.888889,0.412875,0.267930,0.159495,0.156798,0.452663,0.313357,2.673539,63.888889,63.888889,0.181818,11.956522,0.636364,1.000000,0.530909,0.007722,0.000000,0.000000,0.272727,11,199.000000,3.767862,2.214838,1.629930,1.018067,0.181818,183.500000,0.948276,0.526501,3.726794
AMGN_2022_Q2,0.088023,0.000000,13.597613,0.183365,0.188724,0.068347,0.604392,0.834135,0.383523,0.269916,0.216764,0.137808,0.406250,0.383359,2.741827,11.931818,23.138298,0.200000,14.377470,0.400000,0.921569,0.573611,0.063492,0.000000,0.000000,0.600000,10,161.000000,3.781909,2.231948,1.881678,0.707712,0.100000,142.500000,0.898284,0.537571,3.545536
AMGN_2023_Q1,0.079694,0.000000,22.529251,0.187042,0.200550,0.059195,0.579492,0.865860,0.415225,0.291912,0.207146,0.177510,0.132353,0.418775,2.657908,20.173454,45.000000,0.166667,35.708140,0.166667,1.000000,0.691923,0.057692,0.000000,0.000000,0.333333,12,148.000000,3.717010,2.181055,1.755943,0.711639,0.083333,129.500000,0.904412,0.615618,3.448975
AMGN_2023_Q2,0.032830,0.000000,22.152121,0.139048,0.155172,0.075729,0.408089,0.000000,0.471755,0.340292,0.274375,0.196007,0.000000,0.410828,3.300893,29.525250,15.243343,0.428571,1.577287,0.428571,1.000000,0.583831,0.019417,0.000000,0.000000,0.428571,7,177.000000,4.048083,2.693499,2.990141,0.963996,0.285714,161.500000,1.000000,0.566804,3.829864
AMGN_2024_Q1,0.059524,0.000000,17.610257,0.188871,0.198830,0.079189,0.562246,0.770492,0.450444,0.304143,0.175138,0.190339,0.860453,0.194007,1.670795,24.656989,40.334172,0.230769,5.773240,0.230769,1.000000,0.605295,0.000000,0.000000,0.076923,0.153846,13,122.000000,3.945991,2.217858,1.675663,0.878167,0.153846,117.000000,0.894366,0.602648,3.658248
AMGN_2024_Q2,0.102632,0.000000,26.041667,0.161662,0.162712,0.037548,0.579554,0.782051,0.429708,0.269239,0.164363,0.180791,0.391026,0.364524,2.705028,40.625000,10.944700,0.111111,9.645633,0.333333,1.000000,0.585263,0.100000,0.000000,0.000000,0.333333,9,128.000000,3.730449,2.253641,1.679608,0.862644,0.222222,126.000000,0.869128,0.540132,3.531841
AMGN_2024_Q3,0.000000,0.000000,19.493671,0.144426,0.192171,0.097142,0.460789,0.457944,0.440597,0.321270,0.251339,0.165983,0.721673,0.155502,1.754416,250.000000,29.512160,0.272727,6.367026,0.454545,1.000000,0.554085,0.000000,0.000000,0.000000,0.272727,11,137.000000,3.929485,2.516205,2.174396,0.962872,0.363636,136.500000,1.000000,0.552042,3.894726
AMZN_2019_Q1,0.212436,0.875983,11.828498,0.268216,0.270270,0.038693,0.961503,0.981229,0.052987,0.145468,0.135780,0.029453,0.968690,0.137172,1.538994,13.789727,14.389531,0.000000,14.079263,0.000000,0.175610,0.224046,0.174545,0.824390,0.000000,0.000000,9,188.000000,1.739476,1.605798,1.584444,0.092097,0.000000,179.500000,0.124017,0.188195,1.720176
AMZN_2019_Q2,0.064714,0.785757,15.071291,0.187640,0.193662,0.087880,0.908139,0.958549,0.077077,0.161881,0.145882,0.034922,0.901770,0.159344,1.107425,18.430628,17.936040,0.000000,4.695250,0.333333,0.261044,0.232016,0.008811,0.738956,0.000000,0.222222,9,133.000000,1.925198,1.559171,1.705099,0.398573,0.000000,132.000000,0.214243,0.214554,1.867353
AMZN_2019_Q4,0.166017,0.406977,18.138298,0.241734,0.241270,0.063572,0.780164,0.920792,0.323626,0.207087,0.180407,0.096433,0.954548,0.184456,1.583129,35.790863,29.471368,0.000000,8.149473,0.000000,0.744681,0.440498,0.162338,0.000000,0.000000,0.000000,7,198.000000,3.491614,1.943974,1.653963,0.649551,0.000000,178.000000,0.465364,0.314501,2.727733
AMZN_2020_Q2,0.021277,0.000000,10.253409,0.156326,0.185129,0.123867,0.581798,0.952830,0.475135,0.321379,0.198988,0.174461,0.486590,0.345464,2.976518,4.990130,16.173474,0.400000,9.396761,0.400000,1.000000,0.538043,0.000000,0.000000,0.000000,0.600000,5,259.000000,4.321904,2.000857,1.665297,1.247181,0.200000,225.500000,0.800000,0.534228,3.080589
AMZN_2020_Q3,0.134783,0.474359,11.706016,0.241862,0.281927,0.094771,0.812996,0.971425,0.364029,0.189647,0.147419,0.109642,0.494152,0.262203,1.989719,13.388084,17.235773,0.000000,8.881407,0.166667,0.237650,0.427752,0.039801,0.000000,0.000000,0.166667,6,162.000000,2.569159,1.740617,1.629801,0.381050,0.000000,153.000000,0.144466,0.306110,2.124938
AMZN_2020_Q4,0.170722,0.884469,9.651003,0.219775,0.216092,0.058199,0.932989,0.958183,0.065730,0.150552,0.151821,0.016536,0.958183,0.160343,1.644299,10.638298,19.844517,0.000000,6.017970,0.250000,0.177215,0.172340,0.143302,0.822785,0.000000,0.000000,4,158.000000,1.823191,1.655259,1.644299,0.114871,0.000000,129.500000,0.115531,0.163818,1.753179
AMZN_2021_Q1,0.161947,0.947178,10.282311,0.221275,0.229442,0.053957,0.974005,0.977942,0.024459,0.161400,0.155274,0.024387,0.971536,0.167077,1.551539,9.027326,24.143022,0.000000,4.300741,0.166667,0.075472,0.199741,0.115016,0.924528,0.000000,0.166667,6,153.000000,1.843933,1.628387,1.612268,0.105696,0.000000,147.500000,0.052822,0.192974,1.730587
AMZN_2021_Q2,0.187289,0.477273,15.971643,0.238937,0.213220,0.054047,0.774252,0.962733,0.387266,0.203314,0.149980,0.112669,0.477273,0.305396,2.335489,22.327082,28.199470,0.000000,7.147947,0.000000,0.223301,0.423134,0.182524,0.000000,0.000000,0.000000,5,178.000000,3.021941,1.919780,1.661716,0.556283,0.000000,164.500000,0.134378,0.305396,2.386926
AMZN_2021_Q3,0.057613,0.000000,12.820513,0.180204,0.216781,0.093580,0.635338,0.915265,0.450355,0.260298,0.176864,0.162915,0.990748,0.125784,1.602661,19.230769,23.849925,0.166667,4.547721,0.333333,0.916667,0.550708,0.012346,0.000000,0.000000,0.166667,6,150.000000,2.636043,1.833926,1.676242,0.366621,0.000000,149.000000,0.569702,0.478245,2.222874
AMZN_2021_Q4,0.121161,0.912887,15.323891,0.209079,0.238710,0.073692,0.938245,0.945205,0.022019,0.155031,0.143518,0.031293,0.932920,0.136930,1.578745,4.455093,12.778169,0.000000,15.817274,0.400000,0.094862,0.216143,0.119874,0.905138,0.000000,0.200000,5,138.000000,1.802554,1.602315,1.563654,0.104360,0.000000,126.000000,0.087113,0.183059,1.698195
AMZN_2022_Q2,0.228992,0.953117,8.055734,0.255530,0.272931,0.051919,0.962792,0.982063,0.027310,0.139901,0.148933,0.021285,0.953157,0.154593,1.639785,10.297886,16.037576,0.000000,6.726457,0.000000,0.075829,0.160254,0.185053,0.924171,0.000000,0.000000,3,184.000000,1.696957,1.579626,1.582613,0.097043,0.000000,161.500000,0.046883,0.154593,1.639785
AMZN_2022_Q3,0.048904,0.000000,6.259294,0.136310,0.134687,0.097250,0.475972,0.470588,0.476033,0.308419,0.297264,0.167423,0.470588,0.319574,2.500194,20.921949,10.981342,0.250000,4.781335,0.500000,0.436214,0.507416,0.007921,0.000000,0.000000,0.250000,4,106.000000,3.490026,1.960456,1.576006,0.897555,0.250000,103.000000,0.432393,0.473976,2.565838
AMZN_2022_Q4,0.130696,0.455399,14.677445,0.162584,0.161375,0.032717,0.724933,0.952546,0.419932,0.244940,0.185014,0.115245,0.952720,0.185014,1.856549,35.473134,24.395030,0.000000,0.535906,0.500000,0.800000,0.443594,0.124688,0.000000,0.000000,0.000000,4,145.000000,3.281915,2.180881,1.856549,0.641399,0.000000,135.000000,0.444601,0.320116,2.617028
AMZN_2023_Q1,0.195082,0.988850,4.636150,0.195082,0.195082,0.091955,0.988850,0.988850,0.005516,0.162078,0.162078,0.018263,0.988850,0.162078,1.687719,18.544601,19.131455,0.000000,0.938967,0.500000,0.016667,0.180341,0.103128,0.983333,0.000000,0.000000,2,119.000000,1.854994,1.687719,1.687719,0.167274,0.000000,113.000000,0.011150,0.162078,1.687719
AMZN_2023_Q3,0.115789,0.993648,12.261535,0.178787,0.165873,0.077744,0.995345,0.994055,0.002707,0.158007,0.163211,0.015784,0.993677,0.163211,1.754867,6.542809,22.274183,0.000000,3.138010,0.500000,0.006729,0.173737,0.085016,0.993271,0.000000,0.000000,4,167.000000,1.863517,1.729039,1.733020,0.115623,0.000000,157.500000,0.006352,0.169680,1.841671
AMZN_2023_Q4,0.185448,0.913568,26.922251,0.222744,0.219896,0.039981,0.953660,0.988260,0.064524,0.147459,0.136324,0.028394,0.993753,0.129890,1.552162,15.948183,11.740349,0.000000,1.497006,0.000000,0.157895,0.195491,0.174174,0.842105,0.000000,0.250000,4,136.000000,1.750974,1.641694,1.671767,0.106782,0.000000,126.500000,0.086432,0.166787,1.731226
AMZN_2024_Q1,0.142175,0.000000,22.285966,0.210019,0.205714,0.063662,0.565960,0.890511,0.463190,0.263573,0.188000,0.140556,0.940385,0.163347,1.692201,43.799647,21.659424,0.000000,7.290412,0.400000,0.954545,0.473198,0.138365,0.000000,0.000000,0.000000,5,155.000000,3.271010,2.230214,1.749347,0.686398,0.000000,148.000000,0.579934,0.430792,3.052333
AMZN_2024_Q2,0.082569,0.238971,22.393048,0.176598,0.174972,0.102758,0.672775,0.919283,0.385908,0.221283,0.166489,0.141630,0.698612,0.154317,1.885505,37.767380,13.952875,0.200000,10.726760,0.200000,1.000000,0.500000,0.000000,0.000000,0.000000,0.000000,5,151.000000,2.220151,1.647319,1.561409,0.375867,0.000000,149.500000,0.761029,0.344984,2.024973
AMZN_2024_Q3,0.152415,0.933091,9.552503,0.222837,0.218131,0.062315,0.965444,0.969174,0.025230,0.146810,0.144921,0.029362,0.977923,0.145183,1.625531,12.343919,26.627638,0.000000,5.510703,0.166667,0.067616,0.196889,0.147222,0.932384,0.000000,0.000000,6,186.000000,1.766940,1.644481,1.692990,0.107084,0.000000,166.500000,0.066909,0.180891,1.735041
AXP_2019_Q1,0.010753,0.000000,7.729725,0.144026,0.175824,0.098728,0.680165,0.952991,0.432539,0.238871,0.168867,0.139344,0.914428,0.165597,1.713528,7.721780,22.350427,0.142857,12.124542,0.428571,1.000000,0.546989,0.000000,0.000000,0.000000,0.142857,7,135.000000,2.967574,1.879498,1.680519,0.476829,0.000000,116.500000,1.000000,0.438495,2.524391
CSCO_2019_Q1,0.010204,0.000000,15.598014,0.147111,0.125235,0.123113,0.380864,0.000000,0.466725,0.368472,0.457034,0.178508,0.477500,0.282559,2.268411,250.000000,25.544041,0.500000,8.428100,0.500000,1.000000,0.550476,0.000000,0.000000,0.000000,0.200000,10,218.000000,4.121285,2.835818,3.276443,1.042769,0.500000,180.500000,1.000000,0.550238,3.946928
CSCO_2019_Q2,0.032675,0.000000,42.089211,0.139555,0.120881,0.104035,0.532573,0.858527,0.462907,0.306742,0.245197,0.165081,0.895735,0.199539,1.754659,18.078144,67.982456,0.214286,11.484409,0.642857,1.000000,0.645942,0.028986,0.000000,0.000000,0.214286,14,163.000000,3.479630,2.074970,1.839836,0.756415,0.214286,132.000000,1.000000,0.593596,3.259145
CSCO_2019_Q3,0.013032,0.000000,16.584430,0.196886,0.186380,0.143032,0.794106,0.986631,0.357289,0.230135,0.179801,0.155906,0.491071,0.407517,2.806720,47.247024,38.515406,0.153846,21.473805,0.384615,1.000000,0.595942,0.009804,0.000000,0.000000,0.307692,13,222.000000,3.975487,1.697837,1.612617,0.943959,0.076923,207.000000,1.000000,0.585244,3.536739
CSCO_2019_Q4,0.040407,0.000000,22.408362,0.200707,0.243386,0.094280,0.681336,0.904412,0.387770,0.223313,0.172006,0.156413,0.931373,0.212609,1.535297,38.273196,120.833333,0.090909,27.984344,0.272727,1.000000,0.694581,0.038710,0.000000,0.000000,0.090909,11,166.000000,4.340144,1.917716,1.637282,0.825876,0.090909,165.500000,1.000000,0.484343,3.449975
CSCO_2020_Q1,0.042094,0.409091,21.714664,0.183954,0.202580,0.112490,0.821853,0.967500,0.316642,0.197189,0.174003,0.108498,0.900319,0.189246,1.575380,43.584906,26.486014,0.000000,10.111004,0.375000,0.500000,0.475214,0.034188,0.000000,0.000000,0.125000,8,151.000000,3.648146,1.893414,1.629540,0.685109,0.125000,145.500000,0.340909,0.332809,2.835199
CSCO_2020_Q2,0.000000,0.000000,44.230769,0.170792,0.217172,0.123196,0.577097,0.808743,0.407782,0.275215,0.198210,0.175284,0.233645,0.268323,1.591190,33.200867,24.869622,0.230769,13.010003,0.384615,1.000000,0.600000,0.000000,0.000000,0.000000,0.307692,13,209.000000,3.831720,2.112497,1.831544,0.797394,0.230769,195.000000,1.000000,0.600000,3.658177
CSCO_2020_Q3,0.063857,0.181818,21.425467,0.152687,0.141957,0.079631,0.759762,0.966571,0.351050,0.246761,0.208012,0.134331,0.877401,0.176132,1.728808,32.202112,63.673169,0.125000,13.107470,0.500000,0.941300,0.569624,0.042969,0.000000,0.000000,0.125000,8,168.000000,2.821421,1.936833,1.727885,0.483197,0.000000,167.000000,0.788832,0.443425,2.756380
CSCO_2020_Q4,0.019176,0.000000,37.748324,0.172889,0.160301,0.135612,0.568895,0.887582,0.466676,0.324901,0.280134,0.183746,0.981974,0.185242,1.181831,217.647059,44.695608,0.300000,7.252470,0.500000,1.000000,0.594455,0.016129,0.000000,0.100000,0.200000,10,186.000000,3.700915,1.984592,1.644515,0.911154,0.200000,160.500000,1.000000,0.591628,3.673442
CSCO_2021_Q1,0.036736,0.000000,16.870948,0.151763,0.107418,0.107086,0.800767,0.957637,0.336298,0.235843,0.195626,0.124860,0.835899,0.203385,1.236962,41.731737,39.377735,0.071429,9.518678,0.571429,1.000000,0.533807,0.024691,0.000000,0.071429,0.214286,14,167.000000,2.179235,1.653874,1.750413,0.346827,0.000000,165.500000,0.820455,0.512237,2.109798
CSCO_2021_Q2,0.025862,0.000000,14.389920,0.180705,0.201518,0.089581,0.713923,0.924195,0.391450,0.235793,0.204162,0.117054,0.443396,0.207613,1.241057,21.627309,36.094939,0.071429,33.195592,0.285714,1.000000,0.592759,0.000000,0.000000,0.071429,0.214286,14,194.000000,3.935092,1.735501,1.549274,0.702915,0.071429,171.000000,1.000000,0.485320,3.109225
CSCO_2021_Q3,0.008824,0.000000,12.438575,0.150451,0.149594,0.101838,0.467867,0.530012,0.432098,0.289377,0.259876,0.143355,0.498155,0.357660,2.175429,17.604167,49.843014,0.125000,18.016582,0.500000,1.000000,0.596000,0.000000,0.000000,0.000000,0.187500,16,161.000000,4.027751,2.195366,1.916898,0.708773,0.187500,156.000000,1.000000,0.569744,3.609498
CSCO_2021_Q4,0.018939,0.000000,32.412677,0.171507,0.170543,0.101583,0.609456,0.855072,0.408374,0.297629,0.214067,0.166342,0.824967,0.274313,1.773620,28.915831,29.924852,0.272727,19.300446,0.454545,1.000000,0.588649,0.000000,0.000000,0.000000,0.272727,11,178.000000,3.856935,2.135427,1.767365,0.883407,0.181818,160.500000,1.000000,0.569324,3.651729
CSCO_2022_Q1,0.016529,0.000000,25.129455,0.165836,0.192926,0.110585,0.714717,0.863636,0.362767,0.223079,0.206284,0.123697,0.928947,0.182394,1.764723,33.377071,43.101686,0.066667,13.700585,0.466667,1.000000,0.592459,0.000000,0.000000,0.000000,0.133333,15,193.000000,3.527324,1.851254,1.735875,0.523343,0.000000,191.500000,1.000000,0.483046,2.998558
CSCO_2022_Q3,0.018349,0.000000,6.782611,0.141331,0.124060,0.100977,0.410035,0.000000,0.474438,0.362479,0.449428,0.186250,0.500000,0.366416,2.055711,14.314302,73.026316,0.285714,20.601106,0.571429,1.000000,0.594815,0.000000,0.000000,0.000000,0.285714,14,224.000000,3.881587,2.649694,3.047949,0.968619,0.428571,215.500000,1.000000,0.591807,3.849925
CSCO_2022_Q4,0.064206,0.000000,30.457638,0.232158,0.229390,0.092198,0.776082,0.964865,0.350957,0.231269,0.172993,0.136453,0.493631,0.354772,1.228825,54.653680,52.025356,0.125000,19.985230,0.187500,1.000000,0.586538,0.032258,0.000000,0.000000,0.187500,16,227.000000,3.528299,1.677168,1.541944,0.529268,0.062500,218.000000,0.944444,0.565285,2.886005
CSCO_2023_Q1,0.029495,0.000000,30.555556,0.159172,0.196970,0.080678,0.653662,0.804878,0.331781,0.234468,0.200000,0.114110,0.888693,0.195451,1.861174,48.809524,73.780488,0.076923,15.277778,0.384615,1.000000,0.592727,0.007042,0.000000,0.000000,0.230769,13,211.000000,3.479030,1.989516,1.902265,0.469232,0.076923,175.000000,1.000000,0.464280,2.812525
CSCO_2023_Q2,0.015873,0.000000,45.833333,0.173047,0.220959,0.107610,0.737450,0.933013,0.391159,0.230067,0.168911,0.157251,0.492248,0.250276,1.751517,30.196629,31.799899,0.142857,17.407669,0.428571,1.000000,0.595556,0.000000,0.000000,0.000000,0.214286,14,166.000000,3.910709,1.909283,1.722795,0.892106,0.142857,160.000000,1.000000,0.595185,3.903311
CSCO_2023_Q3,0.114901,0.000000,22.092190,0.201640,0.213543,0.064040,0.419352,0.328125,0.395665,0.276656,0.240580,0.128721,0.125000,0.331877,2.463189,18.987342,25.564353,0.125000,32.494759,0.125000,1.000000,0.522956,0.050314,0.000000,0.000000,0.250000,8,160.000000,3.901096,2.293661,2.181839,0.745493,0.125000,127.000000,0.911392,0.485591,3.333867
CSCO_2023_Q4,0.033557,0.000000,32.301032,0.218357,0.251534,0.096626,0.776904,0.937304,0.368020,0.215515,0.172582,0.130426,0.480159,0.234819,2.536620,55.052790,24.036737,0.090909,6.388642,0.181818,1.000000,0.590604,0.000000,0.000000,0.000000,0.454545,11,228.000000,3.868555,2.037514,1.726311,0.782523,0.090909,206.500000,1.000000,0.460302,3.677186
CSCO_2024_Q1,0.000000,0.000000,18.038163,0.147921,0.175870,0.106384,0.664448,0.944767,0.438502,0.290947,0.184947,0.202842,0.485465,0.390766,2.413566,13.764659,29.405685,0.300000,12.480620,0.500000,1.000000,0.600000,0.000000,0.000000,0.000000,0.500000,10,183.000000,3.800478,2.144864,1.718365,0.840938,0.300000,178.000000,1.000000,0.600000,3.490792
CSCO_2024_Q2,0.036496,0.000000,34.156142,0.174739,0.207449,0.082771,0.515705,0.654737,0.407423,0.274901,0.264121,0.086656,0.076923,0.264121,2.876518,50.165837,40.833333,0.000000,4.608295,0.400000,1.000000,0.472789,0.000000,0.000000,0.000000,0.300000,10,207.000000,3.386557,2.406049,2.405168,0.563340,0.000000,195.000000,0.923077,0.421074,3.180320
CSCO_2024_Q3,0.156729,0.397810,27.045455,0.238933,0.221936,0.066572,0.823098,0.954861,0.316846,0.181339,0.142064,0.081772,0.976243,0.110674,1.582370,33.143939,32.142857,0.000000,3.472222,0.125000,0.238636,0.361644,0.136752,0.000000,0.000000,0.250000,8,206.000000,3.218197,1.853695,1.624133,0.539223,0.000000,190.500000,0.221508,0.306625,2.603421
CSCO_2024_Q4,0.096133,0.042614,29.891304,0.233128,0.262069,0.085287,0.783477,0.960000,0.351352,0.224022,0.178425,0.124037,0.970132,0.169225,1.621062,43.972332,26.244344,0.000000,14.731121,0.181818,0.914773,0.498469,0.085470,0.000000,0.090909,0.090909,11,193.000000,3.366004,1.873259,1.685837,0.519064,0.090909,193.000000,0.816082,0.472895,2.818237
CSCO_2025_Q1,0.100377,0.281915,14.205347,0.202697,0.209308,0.077581,0.805200,0.981880,0.333596,0.225225,0.183148,0.144280,0.778127,0.181327,1.822014,17.549565,27.029479,0.125000,14.747887,0.125000,1.000000,0.597228,0.019802,0.000000,0.000000,0.375000,8,158.000000,3.872946,2.010021,1.747592,0.730062,0.125000,156.500000,0.718085,0.410524,3.018331
DIS_2019_Q2,0.176252,0.418239,16.944444,0.235319,0.212500,0.065901,0.831823,0.950820,0.298050,0.203108,0.162615,0.105778,0.978988,0.132590,1.503628,28.750000,24.873698,0.000000,13.196721,0.000000,1.000000,0.473151,0.169811,0.000000,0.000000,0.111111,9,217.000000,2.693560,1.728346,1.606438,0.388369,0.000000,185.500000,0.581761,0.376075,2.312621
DIS_2019_Q3,0.084800,0.423729,13.246242,0.195113,0.193292,0.084795,0.799877,0.890137,0.306483,0.199003,0.156524,0.116897,0.500000,0.330442,2.550371,15.079365,12.698413,0.000000,13.770448,0.250000,0.857143,0.493787,0.022059,0.000000,0.000000,0.125000,8,224.000000,3.356869,1.917144,1.762517,0.560858,0.000000,203.000000,0.504843,0.365534,2.592953
DIS_2019_Q4,0.012945,0.456395,14.490498,0.145845,0.110294,0.124840,0.830167,0.976027,0.340325,0.207828,0.166664,0.128499,0.956395,0.164765,1.893643,12.778169,16.852920,0.142857,7.349634,0.571429,1.000000,0.516816,0.000000,0.000000,0.000000,0.142857,7,191.000000,2.028133,1.396646,1.537384,0.482335,0.000000,182.500000,0.543605,0.353959,1.893643
DIS_2020_Q1,0.069325,0.859524,7.445810,0.192632,0.233449,0.109035,0.921980,0.899654,0.061912,0.162128,0.155264,0.022140,0.995599,0.149561,1.700184,12.218999,17.489628,0.000000,8.612463,0.400000,0.142857,0.205172,0.034483,0.857143,0.000000,0.200000,5,204.000000,2.417052,1.871407,1.726798,0.277042,0.000000,198.500000,0.140476,0.181838,2.119262
DIS_2020_Q2,0.000000,0.000000,30.495356,0.149585,0.133333,0.104628,0.521155,0.894737,0.476471,0.288680,0.223133,0.170684,0.490826,0.294965,2.713806,28.467350,33.934252,0.181818,21.454381,0.545455,1.000000,0.564377,0.000000,0.000000,0.000000,0.363636,11,201.000000,3.810316,2.080187,1.852798,0.791665,0.090909,188.000000,1.000000,0.532188,3.698526
DIS_2020_Q3,0.105507,0.000000,13.100619,0.202590,0.188235,0.090618,0.527629,0.875576,0.457821,0.296719,0.265067,0.160141,0.960051,0.200468,1.866662,19.732955,47.678128,0.142857,3.275155,0.428571,1.000000,0.585391,0.104348,0.000000,0.000000,0.428571,7,213.000000,3.521396,2.167450,2.065727,0.583948,0.142857,203.000000,1.000000,0.534918,2.865501
DIS_2021_Q1,0.003610,0.000000,176.666667,0.177401,0.191781,0.133512,0.539713,0.880000,0.468434,0.276652,0.272307,0.167385,0.440000,0.404375,1.358749,176.666667,27.490637,0.285714,17.177033,0.428571,1.000000,0.536442,0.000000,0.000000,0.000000,0.285714,7,209.000000,3.752019,1.976435,1.685302,0.869668,0.142857,196.000000,1.000000,0.518491,3.184475
DIS_2021_Q2,0.014706,0.000000,50.975177,0.182270,0.250572,0.116643,0.697734,0.880721,0.405991,0.224305,0.148132,0.158975,0.916779,0.125353,1.647368,241.666667,13.950964,0.125000,13.950964,0.375000,1.000000,0.550000,0.000000,0.000000,0.000000,0.000000,8,232.000000,4.347203,2.181416,1.684788,1.140840,0.250000,222.500000,0.625000,0.492115,4.101277
DIS_2021_Q3,0.120819,0.000000,16.163160,0.216123,0.211009,0.069345,0.521680,0.777778,0.455795,0.281821,0.192146,0.144902,0.491770,0.323351,2.659419,29.156816,23.796193,0.142857,11.697701,0.285714,0.315789,0.500822,0.104651,0.000000,0.000000,0.571429,7,216.000000,3.913470,2.491249,1.996927,0.915561,0.000000,201.500000,0.309828,0.482130,3.736424
DIS_2021_Q4,0.114114,0.484615,12.910798,0.190707,0.228228,0.142878,0.651715,0.969231,0.460883,0.264520,0.137997,0.202298,0.492958,0.327782,2.729243,24.340917,7.475623,0.333333,1.173709,0.333333,1.000000,0.550000,0.000000,0.000000,0.000000,0.000000,3,225.000000,3.940960,2.394024,1.723585,1.097079,0.333333,193.500000,0.515385,0.343998,2.832272
DIS_2022_Q1,0.137158,0.838561,12.811360,0.230137,0.246126,0.070247,0.927103,0.935694,0.068837,0.162452,0.155973,0.029626,0.913325,0.150918,1.686543,41.245791,46.314942,0.000000,14.189514,0.250000,0.162879,0.220839,0.135922,0.837121,0.000000,0.250000,8,195.000000,2.224430,1.718309,1.649087,0.229836,0.000000,182.000000,0.161439,0.207105,2.061934
DIS_2022_Q2,0.164804,0.474074,37.334207,0.261394,0.276765,0.090755,0.808782,0.968643,0.361903,0.218878,0.187333,0.109972,0.483871,0.319484,2.802934,31.657661,33.005241,0.000000,14.256722,0.166667,0.400000,0.455348,0.076087,0.000000,0.000000,0.500000,6,255.000000,3.793944,2.055162,1.735592,0.782086,0.166667,223.000000,0.225926,0.327577,2.802934
DIS_2022_Q3,0.126134,0.000000,17.193034,0.235663,0.244185,0.082054,0.614745,0.965821,0.476351,0.244481,0.154982,0.149552,0.000000,0.456136,3.399835,21.694529,21.963093,0.000000,32.944639,0.125000,0.714286,0.498800,0.080000,0.000000,0.000000,0.000000,8,269.000000,3.573671,2.234193,1.723904,0.829556,0.125000,226.000000,0.623934,0.456136,3.399835
DIS_2023_Q1,0.145927,0.471820,3.448517,0.209236,0.197054,0.083267,0.716114,0.947723,0.413550,0.217677,0.162940,0.107797,0.471820,0.282525,2.491253,14.918056,10.801360,0.000000,7.144280,0.250000,0.354839,0.403737,0.105413,0.000000,0.000000,0.250000,4,176.000000,3.273928,2.086947,1.720144,0.686263,0.000000,161.000000,0.205600,0.284152,2.502819
DIS_2023_Q2,0.149432,0.927614,14.481011,0.216872,0.206316,0.082549,0.964567,0.978836,0.043620,0.173091,0.139144,0.064348,0.928812,0.204930,1.931164,25.733526,65.897066,0.000000,15.182885,0.200000,0.121212,0.291492,0.110553,0.878788,0.000000,0.400000,5,199.000000,2.410511,1.794841,1.734369,0.326360,0.000000,188.500000,0.072386,0.241042,2.084406
DIS_2023_Q3,0.067416,0.000000,14.076408,0.162705,0.153846,0.080928,0.519583,0.505051,0.434975,0.285468,0.235128,0.116738,0.742624,0.265294,2.033802,14.176418,20.286747,0.142857,1.650165,0.428571,1.000000,0.500000,0.000000,0.000000,0.142857,0.142857,7,173.000000,2.894628,2.148253,1.944796,0.448233,0.000000,169.000000,0.916667,0.444198,2.815486
DIS_2023_Q4,0.048294,0.461957,19.204934,0.159973,0.213166,0.092063,0.772266,0.943820,0.387214,0.209458,0.162627,0.121768,0.958755,0.150759,1.756788,18.708595,4.638006,0.000000,6.898387,0.400000,0.333333,0.449298,0.043956,0.000000,0.000000,0.400000,5,213.000000,3.518974,2.147926,1.848722,0.687498,0.200000,194.000000,0.204710,0.315080,2.688667
DIS_2024_Q1,0.177881,0.943836,11.105386,0.232025,0.220930,0.084254,0.959948,0.985437,0.040902,0.151387,0.143707,0.012243,0.947203,0.142748,1.778477,21.248034,9.044313,0.000000,10.074849,0.333333,0.097765,0.168667,0.134831,0.902235,0.000000,0.333333,3,187.000000,1.868862,1.724571,1.688091,0.106104,0.000000,185.500000,0.056164,0.156187,1.778477
IBM_2018_Q4,0.097853,0.887233,16.926279,0.166064,0.131673,0.079214,0.950458,0.989529,0.077299,0.152269,0.152491,0.016286,0.984925,0.152482,1.650510,20.552133,16.917091,0.000000,6.046537,0.600000,0.203666,0.172826,0.085551,0.796334,0.000000,0.000000,5,138.000000,1.821037,1.648285,1.644010,0.109497,0.000000,116.000000,0.112767,0.166544,1.740427
IBM_2019_Q2,0.206566,0.951197,4.923325,0.236753,0.222222,0.044565,0.961815,0.959538,0.016488,0.141096,0.133388,0.026261,0.962954,0.144950,1.599364,5.084746,14.794935,0.000000,12.657980,0.000000,0.057143,0.176413,0.190909,0.942857,0.000000,0.000000,3,227.000000,1.631322,1.607826,1.624749,0.028707,0.000000,164.000000,0.048803,0.154901,1.628035
IBM_2019_Q3,0.103774,0.922221,7.441658,0.153991,0.156098,0.052075,0.953843,0.939785,0.032597,0.140571,0.133434,0.009900,0.963839,0.139692,1.609847,8.516927,8.215296,0.000000,11.564998,0.400000,0.084317,0.156947,0.083721,0.915683,0.000000,0.000000,5,123.000000,1.640935,1.597011,1.612847,0.048355,0.000000,105.000000,0.077779,0.152085,1.640838
IBM_2019_Q4,0.121622,0.000000,8.127001,0.188077,0.183948,0.061040,0.657041,0.977638,0.464653,0.247600,0.152375,0.147534,0.989186,0.138974,1.617199,7.508204,14.936154,0.166667,4.610665,0.166667,0.769231,0.504965,0.090909,0.000000,0.000000,0.000000,6,151.000000,3.672854,2.195765,1.684023,0.803516,0.166667,146.000000,0.513846,0.451450,3.286074
IBM_2020_Q1,0.194900,0.966681,11.199764,0.237953,0.205056,0.048846,0.979699,0.972222,0.014038,0.156446,0.152917,0.012238,0.986111,0.153284,1.700903,14.671986,24.653099,0.000000,8.865248,0.000000,0.034722,0.179585,0.190476,0.965278,0.000000,0.200000,5,184.000000,1.738415,1.666148,1.646854,0.037072,0.000000,165.500000,0.033319,0.167178,1.700903
IBM_2020_Q2,0.061070,0.400000,14.463347,0.192640,0.184439,0.125170,0.755185,0.877723,0.346403,0.239874,0.178723,0.161860,0.902754,0.178723,1.757993,16.661464,20.372032,0.166667,7.557385,0.500000,1.000000,0.597333,0.019048,0.000000,0.000000,0.500000,6,198.000000,3.927706,2.092233,1.766795,0.837239,0.166667,174.000000,0.600000,0.400450,2.953504
IBM_2020_Q3,0.138653,0.925701,12.502871,0.172871,0.164718,0.035843,0.961745,0.971153,0.026908,0.160104,0.152659,0.015031,0.944595,0.149721,1.614163,24.646876,16.127968,0.000000,9.410307,0.333333,0.077170,0.188415,0.136905,0.922830,0.000000,0.166667,6,152.000000,1.832623,1.694403,1.692167,0.076406,0.000000,131.000000,0.074299,0.179934,1.776880
IBM_2020_Q4,0.183371,0.983875,13.367395,0.241351,0.224944,0.073044,0.988627,0.988191,0.004811,0.139494,0.140463,0.017115,0.989242,0.136432,1.628612,8.671766,17.063892,0.000000,6.254042,0.000000,0.016304,0.158396,0.158491,0.983696,0.000000,0.000000,4,267.000000,1.718736,1.662599,1.684353,0.059632,0.000000,213.500000,0.016125,0.156304,1.706503
IBM_2021_Q1,0.203182,0.876485,37.869822,0.256031,0.256000,0.040885,0.947075,0.971193,0.061217,0.142015,0.135814,0.017098,0.967662,0.131027,1.594484,39.349112,18.591490,0.000000,13.865147,0.000000,0.200000,0.170622,0.199234,0.800000,0.000000,0.000000,7,213.000000,1.811979,1.681536,1.662110,0.083606,0.000000,210.000000,0.123515,0.163561,1.790577
IBM_2021_Q2,0.101154,0.482143,7.755420,0.202557,0.218899,0.083362,0.814882,0.978014,0.364502,0.210707,0.144003,0.171402,0.974896,0.111438,1.549862,10.571769,22.065203,0.166667,5.408903,0.333333,1.000000,0.589299,0.076433,0.000000,0.000000,0.166667,6,180.000000,3.981474,1.966087,1.569049,0.901703,0.166667,167.500000,0.517857,0.381170,2.793948
IBM_2022_Q1,0.189935,0.483333,12.015066,0.229919,0.219081,0.038456,0.843512,0.987474,0.344482,0.192454,0.135661,0.106626,0.495763,0.264138,2.379526,15.228109,16.733781,0.000000,10.859805,0.000000,0.248322,0.404805,0.177658,0.000000,0.142857,0.000000,7,173.000000,3.068604,1.909128,1.663431,0.501506,0.000000,162.000000,0.140828,0.354917,2.587257
IBM_2022_Q4,0.039688,0.437500,10.092693,0.160285,0.187558,0.092416,0.787826,0.935069,0.354571,0.211074,0.152473,0.135093,0.928409,0.175913,1.934342,8.832924,13.601841,0.166667,11.753093,0.333333,1.000000,0.507985,0.003289,0.000000,0.000000,0.166667,6,184.000000,2.266634,1.772465,1.701415,0.235361,0.000000,181.000000,0.562500,0.352417,2.028380
IBM_2023_Q1,0.156926,0.463483,11.071055,0.202165,0.192324,0.060696,0.715945,0.940662,0.413816,0.216331,0.161478,0.123801,0.954711,0.161478,1.672696,11.071055,19.062078,0.000000,2.192982,0.250000,0.376518,0.427111,0.127517,0.000000,0.000000,0.000000,4,143.000000,3.007598,1.969953,1.672696,0.602530,0.000000,128.500000,0.224776,0.303270,2.357377
IBM_2023_Q2,0.180669,0.950934,7.500377,0.247001,0.220006,0.090311,0.970705,0.972003,0.019903,0.149850,0.151063,0.036374,0.968830,0.130974,1.616527,11.049823,24.370899,0.000000,4.204368,0.000000,0.052239,0.198582,0.152642,0.947761,0.000000,0.000000,4,255.000000,1.860907,1.706449,1.766952,0.165473,0.000000,207.000000,0.049066,0.180919,1.831489
IBM_2023_Q3,0.103488,0.479695,5.777812,0.150446,0.152815,0.051277,0.781969,0.978402,0.391116,0.226719,0.150101,0.156707,0.968896,0.136255,1.650218,6.967520,16.896148,0.200000,7.479988,0.400000,1.000000,0.538947,0.078947,0.000000,0.000000,0.000000,5,126.000000,3.271199,2.008498,1.680975,0.633645,0.200000,121.000000,0.520305,0.355491,2.530540
IBM_2023_Q4,0.106888,0.045918,7.434944,0.170754,0.174905,0.068007,0.607377,0.966543,0.459440,0.238013,0.135890,0.161957,0.491525,0.328184,2.585252,14.050784,10.678249,0.200000,6.268493,0.200000,1.000000,0.542432,0.054054,0.000000,0.000000,0.000000,5,135.000000,3.704660,2.152260,1.602283,0.856055,0.200000,126.500000,0.954082,0.405299,3.081469
IBM_2024_Q1,0.178409,0.930037,28.936201,0.216902,0.225806,0.042802,0.967854,0.990196,0.046604,0.149270,0.146917,0.024391,0.933095,0.151245,1.779422,14.230319,12.933146,0.000000,6.593470,0.200000,0.125000,0.188022,0.139130,0.875000,0.000000,0.400000,5,174.000000,1.963809,1.685030,1.639414,0.142322,0.000000,155.000000,0.069963,0.173891,1.808410
IBM_2024_Q2,0.215870,0.491007,15.600364,0.247230,0.236429,0.045259,0.744988,0.989976,0.430175,0.201119,0.145220,0.113866,0.498969,0.257018,2.272157,13.181633,17.185516,0.000000,3.860417,0.000000,0.338816,0.396459,0.195876,0.000000,0.000000,0.000000,4,157.000000,2.939200,1.939865,1.615757,0.577121,0.000000,152.500000,0.178401,0.278550,2.282800
IBM_2024_Q3,0.136497,0.465066,14.351602,0.222516,0.228598,0.076740,0.805845,0.962110,0.360994,0.187389,0.154583,0.095627,0.483146,0.256525,2.412461,10.472346,22.048782,0.000000,8.854223,0.333333,0.375000,0.394842,0.126126,0.000000,0.000000,0.000000,6,204.000000,3.260929,1.892212,1.647997,0.613411,0.000000,181.000000,0.222434,0.289207,2.463059
MSFT_2019_Q2,0.085519,0.000000,22.727273,0.196373,0.192060,0.086433,0.586264,0.887264,0.456854,0.285763,0.155508,0.183785,0.406061,0.376552,2.668303,32.795699,23.948220,0.125000,20.151515,0.250000,1.000000,0.596989,0.021505,0.000000,0.000000,0.375000,8,199.000000,3.812059,2.299309,1.629423,0.967244,0.125000,167.500000,0.870968,0.544963,3.757143
MSFT_2019_Q3,0.070559,0.000000,26.783606,0.199050,0.251572,0.097255,0.545409,0.948454,0.472350,0.321961,0.235092,0.182907,0.480519,0.259264,2.236961,41.460055,25.417785,0.285714,18.257214,0.285714,1.000000,0.596627,0.024096,0.000000,0.000000,0.571429,7,196.000000,3.925947,2.452742,1.771069,0.964080,0.285714,178.500000,1.000000,0.590122,3.807403
MSFT_2019_Q4,0.147562,0.310000,37.472527,0.242273,0.281588,0.062311,0.745786,0.865546,0.324625,0.250030,0.190658,0.125135,0.974907,0.161688,1.686266,40.496540,46.000000,0.142857,7.052138,0.142857,1.000000,0.532609,0.124224,0.000000,0.000000,0.571429,7,178.000000,3.703253,2.112253,1.824092,0.671807,0.000000,160.000000,0.690000,0.417904,2.969872
MSFT_2020_Q1,0.078424,0.478261,17.718880,0.174171,0.206903,0.107395,0.729646,0.967987,0.421381,0.279494,0.178572,0.184627,0.969565,0.177124,1.574080,1.712329,28.260870,0.250000,1.712329,0.500000,1.000000,0.598641,0.009709,0.000000,0.000000,0.250000,4,241.000000,4.478920,2.316064,1.634682,1.249667,0.250000,175.500000,0.521739,0.395349,3.058049
MSFT_2020_Q2,0.255556,0.975102,16.067569,0.272213,0.260647,0.024171,0.980557,0.981458,0.006743,0.177119,0.177491,0.040930,0.979655,0.136257,1.517162,15.185986,26.134683,0.000000,3.956879,0.000000,0.029661,0.219932,0.253968,0.970339,0.000000,0.500000,4,140.000000,1.752472,1.619180,1.616430,0.105966,0.000000,132.500000,0.024898,0.217981,1.721198
MSFT_2020_Q3,0.175606,0.856040,6.623125,0.218945,0.214815,0.041576,0.925593,0.923792,0.070495,0.165593,0.155780,0.028028,0.856040,0.184380,1.702945,9.005576,20.943370,0.000000,8.952569,0.000000,0.195000,0.219035,0.165165,0.805000,0.000000,0.200000,5,154.000000,1.839218,1.688498,1.688773,0.111380,0.000000,138.500000,0.143960,0.191878,1.799659
MSFT_2021_Q1,0.072079,0.394737,19.824324,0.277514,0.226897,0.216188,0.818980,0.959481,0.317271,0.190289,0.156261,0.123270,0.921701,0.126611,1.606301,172.181373,41.258318,0.000000,11.612979,0.250000,0.282759,0.458986,0.034783,0.000000,0.000000,0.125000,8,140.000000,3.173888,1.678052,1.655006,0.776085,0.000000,134.000000,0.246642,0.358660,2.584233
MSFT_2021_Q3,0.024723,0.000000,2.380952,0.123891,0.130295,0.085814,0.474212,0.466667,0.474277,0.380195,0.395035,0.181466,0.000000,0.539092,3.737413,20.238095,33.333333,0.500000,4.761905,0.666667,1.000000,0.597021,0.021277,0.000000,0.000000,0.500000,6,197.000000,3.938578,2.721902,2.673266,1.039159,0.333333,157.500000,1.000000,0.571539,3.860809
MSFT_2021_Q4,0.164122,0.000000,7.102618,0.198088,0.179487,0.036622,0.580564,0.919771,0.474783,0.273587,0.169582,0.161873,0.500000,0.296423,2.361903,18.994362,30.830040,0.000000,5.669953,0.000000,0.406061,0.477974,0.152318,0.000000,0.000000,0.200000,5,133.000000,3.064066,2.157539,1.663815,0.665215,0.000000,111.500000,0.333465,0.470623,2.966638
MSFT_2022_Q1,0.079252,0.435185,8.779007,0.162845,0.147910,0.076669,0.790838,0.894737,0.325571,0.215409,0.202577,0.052520,0.918323,0.252244,1.783308,5.249487,30.486399,0.000000,7.006520,0.571429,1.000000,0.304055,0.032258,0.000000,0.000000,0.428571,7,112.000000,1.799842,1.701095,1.754374,0.128413,0.000000,110.000000,0.564815,0.283751,1.792453
MSFT_2022_Q2,0.237808,0.935202,7.092199,0.261034,0.249601,0.034513,0.953828,0.955471,0.023975,0.175391,0.187338,0.036990,0.972453,0.156622,1.577940,2.272727,22.012737,0.000000,5.818827,0.000000,0.081448,0.211763,0.226415,0.918552,0.000000,0.500000,4,133.000000,1.720024,1.625888,1.673836,0.113457,0.000000,119.500000,0.064798,0.204942,1.712413
MSFT_2022_Q4,0.011236,0.000000,9.310603,0.173451,0.201671,0.127961,0.474231,0.458599,0.474605,0.340707,0.320991,0.158583,0.491176,0.373487,2.690937,23.036093,28.096847,0.166667,2.941176,0.500000,1.000000,0.596854,0.000000,0.000000,0.000000,0.166667,6,180.000000,3.810769,2.228147,1.778201,1.038215,0.166667,151.500000,1.000000,0.538427,3.631045
MSFT_2023_Q1,0.054700,0.000000,8.883648,0.169778,0.163475,0.099551,0.629738,0.919156,0.446300,0.302893,0.187043,0.185209,0.928538,0.166868,1.647648,24.932615,21.414729,0.333333,11.435937,0.333333,1.000000,0.597647,0.016807,0.000000,0.000000,0.500000,6,165.000000,4.040751,2.388351,1.757546,1.017990,0.166667,154.000000,1.000000,0.562548,3.810478
MSFT_2023_Q3,0.012987,0.000000,23.449132,0.180574,0.236115,0.121272,0.458602,0.400000,0.462425,0.326982,0.295114,0.175593,0.000000,0.461604,3.195077,19.416873,15.756824,0.333333,13.191244,0.333333,1.000000,0.550000,0.000000,0.000000,0.000000,0.166667,6,124.000000,3.582866,2.203076,1.908763,0.768523,0.333333,109.000000,1.000000,0.548182,3.195077
MSFT_2023_Q4,0.080906,0.000000,6.758798,0.169902,0.166667,0.097681,0.583918,0.959044,0.476902,0.305916,0.160252,0.189016,0.963129,0.154527,1.666382,23.492605,18.532423,0.400000,6.746303,0.400000,1.000000,0.547724,0.016260,0.000000,0.000000,0.200000,5,142.000000,3.907774,2.400081,1.729176,0.985666,0.200000,140.500000,1.000000,0.537195,3.576754
MSFT_2024_Q1,0.114900,0.000000,26.060606,0.184335,0.177571,0.074463,0.607114,0.842121,0.433083,0.299483,0.208565,0.178394,0.897270,0.208565,1.854421,22.413793,21.617032,0.333333,11.853340,0.333333,1.000000,0.566770,0.085470,0.000000,0.000000,0.500000,6,170.000000,3.260626,2.144870,1.854421,0.599739,0.000000,139.000000,1.000000,0.548282,2.935362
MSFT_2024_Q2,0.042179,0.000000,3.103366,0.133881,0.086792,0.110906,0.575285,0.898592,0.470883,0.338303,0.190442,0.209236,0.941603,0.175151,1.636140,3.606253,23.952319,0.400000,5.920267,0.600000,1.000000,0.595758,0.030303,0.000000,0.000000,0.400000,5,231.000000,3.558359,2.366005,1.692051,0.893166,0.400000,156.000000,1.000000,0.594095,3.456170
MSFT_2024_Q3,0.122219,0.900716,4.629630,0.189202,0.206002,0.090909,0.942352,0.982266,0.070679,0.209515,0.215378,0.041625,0.983203,0.203652,1.742746,9.259259,34.333604,0.000000,17.341494,0.250000,0.180049,0.257445,0.046296,0.819951,0.000000,0.500000,4,148.000000,1.873809,1.597134,1.645859,0.236433,0.000000,127.500000,0.099284,0.247623,1.776921
MSFT_2025_Q1,0.087987,0.452830,13.049376,0.169676,0.181245,0.066115,0.800345,0.965715,0.358898,0.216063,0.157292,0.144184,0.931703,0.154552,1.683854,12.611718,18.025028,0.166667,4.349792,0.500000,1.000000,0.537500,0.086687,0.000000,0.000000,0.000000,6,215.000000,3.702368,1.960861,1.574719,0.793680,0.166667,172.000000,0.547170,0.352011,2.816482
NKE_2019_Q2,0.048236,0.000000,5.133259,0.133352,0.118579,0.090404,0.463725,0.438865,0.465055,0.398644,0.403209,0.180442,0.438865,0.394079,2.469203,9.657736,71.537291,0.250000,5.232958,0.500000,1.000000,0.644909,0.036364,0.000000,0.000000,0.250000,4,140.000000,3.315995,2.374978,2.280753,0.619628,0.250000,106.500000,0.771386,0.547303,2.889292
NKE_2019_Q4,0.034364,0.000000,15.561741,0.157746,0.178660,0.093774,0.550555,0.866667,0.478670,0.299483,0.174678,0.175315,0.000000,0.517222,2.016913,44.444444,20.369433,0.285714,1.582278,0.428571,1.000000,0.534444,0.000000,0.000000,0.000000,0.000000,7,135.000000,3.182401,1.777259,1.563404,0.780896,0.142857,117.000000,1.000000,0.517222,2.929835
NKE_2020_Q1,0.175619,0.336066,2.732240,0.228196,0.238121,0.046002,0.765741,0.968266,0.360690,0.215537,0.174744,0.111205,0.825274,0.176732,1.759832,42.729269,19.464010,0.000000,6.329363,0.166667,0.838710,0.458436,0.135593,0.000000,0.000000,0.333333,6,117.000000,3.157414,1.911637,1.626692,0.576909,0.000000,114.500000,0.583289,0.331048,2.567328
NKE_2020_Q2,0.000000,0.000000,9.334351,0.080963,0.033898,0.093967,0.191072,0.000000,0.362078,0.449727,0.500000,0.152878,0.491031,0.324214,1.542714,50.773694,16.060808,0.666667,6.726457,0.777778,1.000000,0.585263,0.000000,0.000000,0.000000,0.111111,9,190.000000,3.494221,2.312689,2.045547,0.741709,0.444444,139.500000,1.000000,0.567632,3.363915
NKE_2020_Q3,0.020529,0.000000,8.151391,0.099410,0.103093,0.083261,0.392448,0.000000,0.480708,0.342676,0.299577,0.182854,0.484568,0.235711,1.420569,34.097891,25.997382,0.400000,4.795750,0.800000,1.000000,0.585567,0.003883,0.000000,0.000000,0.200000,5,128.000000,3.208528,1.865137,1.698046,0.709356,0.200000,104.000000,1.000000,0.554812,2.474848
NKE_2020_Q4,0.083423,0.000000,21.236708,0.137511,0.154386,0.050143,0.195943,0.000000,0.391886,0.377285,0.429806,0.118334,0.489858,0.288193,2.479135,48.160173,22.684472,0.000000,30.027528,0.400000,0.527307,0.463323,0.058319,0.000000,0.000000,0.000000,5,113.000000,3.341048,2.755898,3.016525,0.604728,0.200000,102.500000,0.446987,0.460602,3.220864
NKE_2021_Q1,0.103924,0.453668,16.283364,0.180215,0.190909,0.074254,0.739800,0.909574,0.370235,0.254933,0.184950,0.150091,0.928875,0.194778,1.698983,15.986471,17.741509,0.200000,6.791806,0.200000,1.000000,0.542057,0.056738,0.000000,0.000000,0.000000,5,147.000000,3.868179,2.090679,1.618636,0.913666,0.200000,145.500000,0.546332,0.401367,2.946444
NKE_2021_Q2,0.050000,0.000000,6.778938,0.166411,0.202695,0.090477,0.659751,0.982188,0.466567,0.307452,0.195171,0.206505,0.500000,0.437251,2.872392,13.557875,53.167421,0.333333,18.619777,0.333333,1.000000,0.636000,0.000000,0.000000,0.000000,0.166667,6,155.000000,3.751324,2.262336,1.818081,0.806419,0.333333,150.000000,1.000000,0.593000,3.336507
NKE_2021_Q3,0.090991,0.455556,23.475783,0.201991,0.213836,0.107257,0.782222,1.000000,0.392623,0.253967,0.191094,0.132204,0.955556,0.189289,1.774293,10.940171,27.515370,0.200000,5.642299,0.200000,1.000000,0.509659,0.030769,0.000000,0.000000,0.200000,5,203.000000,1.851570,1.643812,1.670326,0.153793,0.000000,158.000000,0.544444,0.376083,1.774293
NKE_2021_Q4,0.081545,0.458716,9.369999,0.164155,0.171789,0.111111,0.704284,0.918246,0.407416,0.247813,0.136905,0.203875,0.949038,0.118321,1.515793,2.918386,7.515510,0.250000,0.000000,0.250000,1.000000,0.600000,0.000000,0.000000,0.000000,0.250000,4,120.000000,3.824020,2.137772,1.618773,0.976493,0.250000,112.500000,0.541284,0.377304,2.759750
NKE_2022_Q1,0.105697,0.435165,21.919077,0.173867,0.158590,0.072684,0.695101,0.909358,0.402831,0.242134,0.159071,0.166076,0.909358,0.158330,1.681012,43.377121,13.115916,0.250000,10.918114,0.500000,0.571429,0.525872,0.100917,0.000000,0.000000,0.250000,4,231.000000,4.092249,2.262314,1.681012,1.058656,0.250000,190.000000,0.350549,0.359005,2.927245
NKE_2022_Q2,0.054054,0.000000,23.422897,0.130637,0.114754,0.084282,0.549136,0.862500,0.450813,0.332832,0.223934,0.216544,0.500000,0.386967,2.738455,2.336449,145.833333,0.400000,22.605140,0.600000,1.000000,0.634865,0.000000,0.000000,0.000000,0.000000,5,127.000000,3.484635,2.427514,1.992275,0.874282,0.400000,110.500000,1.000000,0.592432,3.480320
NKE_2022_Q3,0.012195,0.000000,18.805375,0.076523,0.035006,0.078688,0.298662,0.000000,0.425368,0.395664,0.462511,0.183073,0.000000,0.462511,2.554147,11.074928,8.862876,0.500000,9.866221,0.833333,1.000000,0.600000,0.000000,0.000000,0.000000,0.333333,6,100.000000,3.671416,2.607509,2.554147,0.926317,0.500000,96.500000,1.000000,0.573293,3.624464
NKE_2022_Q4,0.133114,0.970325,16.442610,0.201525,0.164038,0.099988,0.975961,0.978441,0.010366,0.148442,0.153587,0.021655,0.974722,0.145869,1.579477,20.812716,15.613422,0.000000,12.656575,0.333333,0.037791,0.172013,0.102190,0.962209,0.000000,0.000000,3,182.000000,1.678851,1.612602,1.632506,0.063790,0.000000,130.500000,0.029675,0.162800,1.655678
NKE_2023_Q1,0.065765,0.471576,6.971944,0.145700,0.126531,0.087064,0.776937,0.960843,0.388887,0.258370,0.173815,0.180306,0.966564,0.228890,1.873358,23.956951,16.485011,0.200000,12.686756,0.600000,1.000000,0.597879,0.015152,0.000000,0.000000,0.200000,5,181.000000,4.003597,2.182096,1.749293,0.923488,0.200000,158.500000,0.528424,0.440922,3.000510
NKE_2023_Q2,0.169611,0.902893,29.099132,0.222845,0.222650,0.057006,0.952429,0.962127,0.039410,0.149398,0.145639,0.035727,0.938116,0.145639,1.562830,37.872517,11.342067,0.000000,10.382050,0.166667,0.108303,0.222052,0.131507,0.891697,0.000000,0.000000,6,216.000000,1.864732,1.616846,1.587999,0.148732,0.000000,162.500000,0.097107,0.186426,1.791862
NKE_2023_Q3,0.118901,0.837976,11.072050,0.171011,0.172027,0.058276,0.889355,0.881822,0.066723,0.145396,0.142541,0.024898,0.881822,0.142541,1.547620,23.380084,11.078123,0.000000,4.356736,0.500000,0.196388,0.182857,0.091816,0.803612,0.000000,0.000000,4,138.000000,1.799167,1.635365,1.623458,0.109344,0.000000,116.000000,0.162024,0.165252,1.723110
NKE_2024_Q1,0.012987,0.000000,33.730159,0.148130,0.166154,0.092733,0.597739,0.815789,0.431706,0.290081,0.172320,0.183159,0.407895,0.337968,2.561425,9.514791,13.565891,0.333333,8.340255,0.444444,1.000000,0.550000,0.000000,0.000000,0.000000,0.000000,9,190.000000,3.451772,2.235032,1.806141,0.793815,0.333333,168.000000,1.000000,0.548182,3.384241
NKE_2024_Q2,0.176351,0.957824,11.784582,0.192624,0.193768,0.017172,0.968335,0.967854,0.010620,0.157436,0.134850,0.052610,0.957824,0.190013,1.746001,11.784582,6.015351,0.000000,5.214580,0.000000,0.043137,0.247188,0.169844,0.956863,0.000000,0.000000,4,115.000000,1.787486,1.624466,1.642714,0.136645,0.000000,101.500000,0.042176,0.192025,1.746001
NKE_2024_Q3,0.175623,0.899306,12.536759,0.180574,0.183445,0.009477,0.925545,0.964809,0.065095,0.151311,0.144628,0.009983,0.905912,0.144255,1.646285,9.719858,14.292159,0.000000,13.921562,0.000000,0.166197,0.165423,0.167800,0.833803,0.000000,0.000000,3,102.000000,1.727587,1.673385,1.706493,0.062335,0.000000,95.500000,0.100694,0.155025,1.717040
NKE_2025_Q1,0.164646,0.963979,1.432665,0.164646,0.164646,0.018883,0.963979,0.963979,0.007368,0.139486,0.139486,0.006842,0.963979,0.139486,1.671507,1.432665,6.997561,0.000000,11.295555,0.500000,0.043388,0.146329,0.145763,0.956612,0.000000,0.000000,2,116.000000,1.778713,1.671507,1.671507,0.107206,0.000000,100.500000,0.036021,0.139486,1.671507
NKE_2025_Q2,0.081492,0.000000,47.162859,0.187010,0.187755,0.082088,0.674697,0.923913,0.427299,0.268003,0.175332,0.183451,0.493036,0.341969,1.663468,35.970892,27.872671,0.285714,8.669772,0.285714,1.000000,0.597081,0.030534,0.000000,0.000000,0.285714,7,168.000000,3.077072,1.827545,1.625955,0.512825,0.000000,164.500000,0.970339,0.552844,2.403305
NVDA_2019_Q4,0.111404,0.000000,36.811780,0.210004,0.222762,0.060694,0.698791,0.919141,0.384823,0.217374,0.178858,0.094931,0.000000,0.368552,2.806694,36.811780,38.545853,0.000000,16.325770,0.214286,1.000000,0.452000,0.100000,0.000000,0.000000,0.285714,14,176.000000,3.376825,1.966237,1.716285,0.525586,0.071429,155.500000,0.759091,0.416982,3.143567
NVDA_2020_Q1,0.143728,0.382653,44.037940,0.208452,0.213777,0.037086,0.825739,0.916667,0.269140,0.182321,0.158164,0.075150,0.490909,0.278228,2.250988,53.287982,19.463341,0.000000,9.183673,0.090909,0.234694,0.398292,0.127946,0.000000,0.000000,0.090909,11,173.000000,2.941974,1.800717,1.687628,0.384892,0.000000,171.000000,0.218973,0.321031,2.455440
NVDA_2020_Q2,0.155786,0.468750,18.233945,0.179818,0.168539,0.027170,0.778558,0.969052,0.389839,0.219186,0.160444,0.153026,0.961869,0.123370,1.715485,23.967890,17.065266,0.200000,5.278718,0.000000,1.000000,0.523151,0.152589,0.000000,0.000000,0.200000,5,220.000000,2.964498,1.961835,1.770307,0.504648,0.000000,167.000000,0.531250,0.344373,2.372075
NVDA_2020_Q4,0.068116,0.455882,15.106042,0.162834,0.155922,0.079622,0.827705,0.962264,0.339105,0.189763,0.150820,0.121896,0.987504,0.129731,1.633151,18.987595,16.733932,0.000000,8.857657,0.428571,0.222222,0.483870,0.051724,0.000000,0.000000,0.142857,7,199.000000,3.671606,1.979262,1.695035,0.695040,0.142857,176.000000,0.155229,0.331251,2.738561
NVDA_2021_Q1,0.045331,0.000000,9.630747,0.150559,0.138424,0.085341,0.694207,0.896526,0.404942,0.238973,0.168109,0.150610,0.977063,0.145586,1.817582,26.895083,34.883721,0.125000,12.029649,0.625000,1.000000,0.592000,0.033520,0.000000,0.000000,0.125000,8,245.000000,3.469683,2.048151,1.900716,0.562793,0.125000,230.000000,1.000000,0.479731,2.776091
NVDA_2021_Q2,0.076536,0.419811,2.432748,0.130745,0.153846,0.048420,0.754387,0.967093,0.381035,0.162731,0.146537,0.049546,0.979314,0.145856,1.614479,31.800250,5.470092,0.000000,5.365889,0.400000,1.000000,0.258462,0.053601,0.000000,0.000000,0.000000,5,159.000000,1.960991,1.698337,1.730804,0.167780,0.000000,152.000000,0.580189,0.206923,1.858809
NVDA_2021_Q4,0.176324,0.991560,4.188059,0.176324,0.176324,0.001300,0.991560,0.991560,0.004029,0.151024,0.151024,0.008844,0.991560,0.151024,1.891062,8.152413,13.811061,0.000000,11.093590,0.000000,0.012469,0.159868,0.175025,0.987531,0.000000,0.000000,2,209.000000,1.899379,1.891062,1.891062,0.008317,0.000000,196.500000,0.008440,0.151024,1.891062
NVDA_2022_Q4,0.154112,0.902040,26.069519,0.219255,0.230769,0.056398,0.948092,0.962963,0.049938,0.148068,0.144799,0.019621,0.907618,0.168004,1.604190,35.427807,8.484163,0.000000,5.991285,0.000000,0.147727,0.178374,0.151565,0.852273,0.000000,0.400000,5,149.000000,1.706927,1.602541,1.604818,0.081583,0.000000,142.000000,0.097960,0.168004,1.691405
NVDA_2023_Q1,0.153005,0.447368,30.419560,0.214629,0.222222,0.044589,0.827639,0.991243,0.340226,0.173604,0.139804,0.084911,0.994097,0.134016,1.712303,26.989108,11.844687,0.000000,11.675980,0.142857,0.245059,0.375478,0.134503,0.000000,0.000000,0.142857,7,176.000000,3.100849,1.886681,1.686747,0.501655,0.000000,171.000000,0.175161,0.280047,2.452994
NVDA_2023_Q2,0.110261,0.902645,22.707153,0.215406,0.234483,0.063322,0.942976,0.937853,0.029465,0.150426,0.149702,0.027863,0.921917,0.134397,1.594939,45.954320,29.328745,0.000000,9.959669,0.222222,0.122172,0.208001,0.101563,0.877828,0.000000,0.111111,9,151.000000,1.728997,1.651030,1.663876,0.064707,0.000000,149.000000,0.097355,0.188563,1.724922
NVDA_2023_Q4,0.079117,0.000000,25.994695,0.188467,0.163043,0.106485,0.568814,0.892308,0.465476,0.272926,0.273708,0.089597,0.492788,0.360583,2.526784,37.665782,12.551417,0.000000,9.046759,0.400000,1.000000,0.428596,0.044944,0.000000,0.000000,0.600000,5,208.000000,3.132371,2.342120,1.921196,0.584483,0.000000,186.500000,0.706897,0.360583,3.052584
NVDA_2024_Q1,0.091791,0.000000,4.496092,0.129517,0.123810,0.035416,0.570742,0.909091,0.466613,0.291335,0.189069,0.154266,0.972309,0.155126,1.806258,17.787400,4.025297,0.000000,5.680927,0.600000,0.923077,0.485457,0.086022,0.000000,0.000000,0.400000,5,174.000000,3.713587,2.557352,2.082930,0.820782,0.200000,158.500000,0.774038,0.478677,3.545658
NVDA_2024_Q2,0.109922,0.823772,19.406660,0.173805,0.179169,0.053642,0.917643,0.938712,0.072123,0.155928,0.150793,0.028233,0.990443,0.149463,1.739279,32.855790,12.396643,0.000000,10.507635,0.333333,0.197115,0.214216,0.094382,0.802885,0.000000,0.166667,6,150.000000,1.922973,1.732141,1.722550,0.101960,0.000000,141.500000,0.176228,0.183328,1.840368
NVDA_2024_Q3,0.132700,0.487342,7.293641,0.223700,0.245024,0.070622,0.824310,0.990333,0.368710,0.212078,0.166199,0.095111,0.981372,0.254746,1.880563,22.272837,15.284338,0.000000,18.101149,0.166667,0.203822,0.369587,0.108346,0.000000,0.166667,0.166667,6,202.000000,3.067155,1.993325,1.725821,0.494075,0.000000,199.000000,0.114569,0.339919,2.549279
NVDA_2024_Q4,0.104024,0.427136,13.472407,0.194217,0.197988,0.079530,0.778710,0.913914,0.352270,0.206335,0.157763,0.109450,0.995080,0.183025,1.846504,20.045129,12.453497,0.000000,5.310640,0.333333,0.214286,0.429500,0.075000,0.000000,0.000000,0.000000,6,204.000000,3.185492,1.971343,1.711985,0.563619,0.166667,172.500000,0.180007,0.341512,2.607481
NVDA_2025_Q2,0.155910,0.380332,8.384317,0.176806,0.160878,0.029828,0.585429,0.760664,0.424929,0.281993,0.192832,0.134831,0.878144,0.186718,1.960128,4.557852,21.870674,0.000000,13.764298,0.000000,0.408163,0.472541,0.150943,0.000000,0.000000,0.333333,3,165.000000,3.005426,2.308561,2.074109,0.501470,0.000000,149.500000,0.323750,0.332687,2.539768
